nuts3,ownership,turnover_closed,gain_foreign,loss_domestic,net,n_shops,gain_pct,loss_pct,net_pct,net_per_shop,name
FRC13,chain,3.0716e+05,0,-3795,-3795,6,0,-0.012355,-0.012355,-632.5,Saône-et-Loire
FRC13,independent,2.1934e+06,0,-27426,-27426,52,0,-0.012504,-0.012504,-527.43,Saône-et-Loire
FRC21,chain,7.0809e+08,4.646e+07,-3.4023e+07,1.2437e+07,470,0.065613,-0.048049,0.017564,26462,Doubs
FRC21,independent,8.9225e+08,7.908e+07,-5.5489e+07,2.3591e+07,769,0.08863,-0.06219,0.02644,30677,Doubs
FRC22,chain,1.4323e+08,6.8258e+06,-6.3264e+06,4.994e+05,114,0.047657,-0.04417,0.0034868,4380.7,Jura
FRC22,independent,2.5659e+08,3.5583e+06,-8.1779e+06,-4.6196e+06,289,0.013867,-0.031871,-0.018003,-15985,Jura
FRC23,chain,6.6713e+07,1.6163e+06,-2.2223e+06,-6.0602e+05,118,0.024227,-0.033311,-0.009084,-5135.8,Haute-Saône
FRC23,independent,8.9937e+07,2.3359e+06,-3.4492e+06,-1.1133e+06,205,0.025973,-0.038351,-0.012378,-5430.6,Haute-Saône
FRC24,chain,3.5915e+08,2.0077e+07,-2.3058e+07,-2.9815e+06,96,0.055901,-0.064203,-0.0083014,-31057,Territoire de Belfort
FRC24,independent,5.7661e+08,3.7355e+07,-4.258e+07,-5.2242e+06,190,0.064785,-0.073845,-0.0090603,-27496,Territoire de Belfort
FRE11,chain,6.4217e+09,8.1117e+08,-6.5317e+08,1.5799e+08,1695,0.12632,-0.10171,0.024603,93212,Nord
FRE11,independent,7.8038e+09,1.0734e+09,-8.3358e+08,2.3987e+08,2487,0.13755,-0.10682,0.030737,96448,Nord
FRE12,chain,1.6797e+09,3.5525e+07,-5.3938e+07,-1.8413e+07,640,0.021149,-0.032112,-0.010962,-28771,Pas-de-Calais
FRE12,independent,1.6716e+09,4.8908e+07,-7.4078e+07,-2.517e+07,819,0.029259,-0.044316,-0.015057,-30732,Pas-de-Calais
FRE21,chain,1.6542e+08,5.0999e+06,-6.3408e+06,-1.2408e+06,172,0.030831,-0.038332,-0.0075011,-7214,Aisne
FRE21,independent,1.5843e+08,4.6481e+06,-6.4543e+06,-1.8063e+06,210,0.029338,-0.040739,-0.011401,-8601.2,Aisne
FRE23,chain,6.4953e+06,1.5415e+05,-4.5891e+05,-3.0476e+05,25,0.023732,-0.070652,-0.04692,-12190,Somme
FRE23,independent,4.2243e+06,85398,-3.4553e+05,-2.6013e+05,29,0.020216,-0.081794,-0.061579,-8970,Somme
FRF11,chain,2.3119e+09,2.921e+08,-2.7546e+08,1.6639e+07,734,0.12634,-0.11915,0.0071972,22669,Bas-Rhin
FRF11,independent,3.5959e+09,4.3342e+08,-4.2949e+08,3.935e+06,1348,0.12053,-0.11944,0.0010943,2919.2,Bas-Rhin
FRF12,chain,1.5975e+09,2.1307e+08,-2.8998e+08,-7.6901e+07,407,0.13338,-0.18151,-0.048137,-1.8895e+05,Haut-Rhin
FRF12,independent,2.1037e+09,3.1992e+08,-3.942e+08,-7.4278e+07,666,0.15207,-0.18738,-0.035308,-1.1153e+05,Haut-Rhin
FRF21,chain,4.8975e+08,6.2554e+07,-3.9729e+07,2.2825e+07,125,0.12773,-0.081121,0.046605,1.826e+05,Ardennes
FRF21,independent,6.6689e+08,5.3047e+07,-3.4587e+07,1.8461e+07,194,0.079544,-0.051862,0.027681,95157,Ardennes
FRF31,chain,5.1177e+08,1.1021e+08,-1.5705e+08,-4.684e+07,391,0.21535,-0.30688,-0.091524,-1.1979e+05,Meurthe-et-Moselle 
FRF31,independent,2.2399e+08,3.8282e+07,-5.3955e+07,-1.5673e+07,653,0.17091,-0.24088,-0.069973,-24002,Meurthe-et-Moselle 
FRF32,chain,1.4971e+08,2.767e+06,-1.31e+07,-1.0333e+07,61,0.018483,-0.087506,-0.069023,-1.694e+05,Meuse 
FRF32,independent,8.0501e+07,7.4106e+05,-4.2768e+06,-3.5358e+06,46,0.0092056,-0.053128,-0.043922,-76865,Meuse 
FRF33,chain,2.397e+09,3.7238e+08,-6.6811e+08,-2.9573e+08,610,0.15535,-0.27872,-0.12337,-4.848e+05,Moselle
FRF33,independent,2.5552e+09,4.157e+08,-6.068e+08,-1.911e+08,820,0.16269,-0.23748,-0.074789,-2.3304e+05,Moselle
FRF34,chain,1.7274e+07,37572,-1.0293e+06,-9.9175e+05,101,0.002175,-0.059587,-0.057412,-9819.3,Vosges
FRF34,independent,3.2747e+07,57548,-2.3953e+06,-2.3377e+06,276,0.0017573,-0.073145,-0.071387,-8470.1,Vosges
FRI13,chain,5.1683e+07,8.8972e+05,-8.1971e+06,-7.3073e+06,114,0.017215,-0.1586,-0.14139,-64099,Landes
FRI13,independent,4.6033e+07,8.342e+05,-7.2307e+06,-6.3965e+06,182,0.018122,-0.15708,-0.13896,-35146,Landes
FRI15,chain,5.9346e+08,1.7217e+07,-9.9763e+07,-8.2546e+07,385,0.029011,-0.1681,-0.13909,-2.1441e+05,Pyrénées-Atlantiques
FRI15,independent,1.6413e+09,6.4089e+07,-3.1653e+08,-2.5244e+08,1400,0.039048,-0.19285,-0.15381,-1.8031e+05,Pyrénées-Atlantiques
FRJ11,chain,3.0961e+06,0,-61586,-61586,20,0,-0.019891,-0.019891,-3079.3,Aude
FRJ11,independent,1.6884e+07,0,-4.3356e+05,-4.3356e+05,58,0,-0.025679,-0.025679,-7475.2,Aude
FRJ15,chain,1.0359e+09,1.1854e+07,-5.3182e+07,-4.1328e+07,373,0.011443,-0.051339,-0.039896,-1.108e+05,Pyrénées-Orientales
FRJ15,independent,1.3942e+09,2.3813e+07,-7.3455e+07,-4.9642e+07,700,0.01708,-0.052685,-0.035605,-70917,Pyrénées-Orientales
FRJ21,chain,1.6299e+08,19865,-2.4068e+06,-2.3869e+06,125,0.00012188,-0.014766,-0.014644,-19095,Ariège
FRJ21,independent,2.5459e+08,47649,-3.3e+06,-3.2523e+06,217,0.00018716,-0.012962,-0.012774,-14988,Ariège
FRJ23,chain,2.0197e+08,5.6314e+05,-5.1879e+06,-4.6248e+06,95,0.0027883,-0.025687,-0.022899,-48682,Haute-Garonne
FRJ23,independent,1.3097e+08,4.6712e+05,-2.5562e+06,-2.0891e+06,90,0.0035667,-0.019518,-0.015951,-23212,Haute-Garonne
FRJ26,chain,2.0136e+08,5.615e+05,-1.0116e+06,-4.5013e+05,137,0.0027886,-0.005024,-0.0022354,-3285.6,Hautes-Pyrénées 
FRJ26,independent,1.5237e+08,1.0823e+05,-6.1493e+05,-5.067e+05,170,0.00071026,-0.0040356,-0.0033254,-2980.6,Hautes-Pyrénées 
FRK21,chain,3.9389e+08,1.0774e+08,-5.6389e+07,5.135e+07,322,0.27353,-0.14316,0.13037,1.5947e+05,Ain
FRK21,independent,4.651e+08,1.4331e+08,-6.6121e+07,7.7189e+07,440,0.30813,-0.14217,0.16596,1.7543e+05,Ain
FRK24,chain,1.2123e+07,2.4405e+05,-2.2778e+05,16264,141,0.02013,-0.018789,0.0013415,115.35,Isère
FRK24,independent,1.1876e+07,3.8641e+05,-2.9244e+05,93967,147,0.032537,-0.024624,0.0079123,639.23,Isère
FRK27,chain,4.0902e+08,1.4295e+07,-9.26e+06,5.0346e+06,382,0.034948,-0.02264,0.012309,13180,Savoie
FRK27,independent,5.426e+08,2.492e+07,-1.4414e+07,1.0506e+07,705,0.045927,-0.026565,0.019362,14902,Savoie
FRK28,chain,1.7806e+09,3.6206e+08,-1.8835e+08,1.7371e+08,803,0.20334,-0.10578,0.097561,2.1633e+05,Haute-Savoie
FRK28,independent,2.4794e+09,5.1049e+08,-2.5313e+08,2.5737e+08,1280,0.2059,-0.10209,0.10381,2.0107e+05,Haute-Savoie
FRL01,chain,1.4064e+07,17273,-1907.6,15365,52,0.0012282,-0.00013564,0.0010925,295.48,Alpes-de-Haute-Provence
FRL01,independent,5.0643e+07,53436,-17171,36264,141,0.0010551,-0.00033906,0.00071608,257.19,Alpes-de-Haute-Provence
FRL02,chain,8.5208e+07,3.8239e+06,-1.0901e+05,3.7149e+06,83,0.044877,-0.0012793,0.043598,44758,Hautes-Alpes 
FRL02,independent,1.5906e+08,1.0114e+07,-6.2627e+05,9.4881e+06,288,0.063589,-0.0039373,0.059652,32945,Hautes-Alpes 
FRL03,chain,1.9863e+09,6.8632e+07,-6.7927e+07,7.055e+05,848,0.034554,-0.034198,0.00035519,831.96,Alpes-Maritimes
FRL03,independent,2.8683e+09,1.0871e+08,-1.0533e+08,3.3816e+06,1563,0.037899,-0.03672,0.0011789,2163.5,Alpes-Maritimes
FRL05,chain,3.0175e+07,3.2378e+05,-6.5387e+05,-3.3009e+05,139,0.01073,-0.021669,-0.010939,-2374.8,Var
FRL05,independent,4.2202e+07,5.319e+05,-1.0304e+06,-4.9852e+05,236,0.012604,-0.024416,-0.011813,-2112.4,Var
