segment,origin,dest_country,dest_type,eur
everyday,AD,AD,city_centre,2.66559e+08
everyday,AD,BE,city_centre,0
everyday,AD,BE,commercial_zone,0
everyday,AD,CH,city_centre,0
everyday,AD,CH,commercial_zone,0
everyday,AD,DE,city_centre,0
everyday,AD,DE,commercial_zone,0
everyday,AD,ES,city_centre,498731
everyday,AD,ES,commercial_zone,0
everyday,AD,FR,city_centre,7134.11
everyday,AD,FR,commercial_zone,33658.5
everyday,AD,IT,city_centre,0
everyday,AD,IT,commercial_zone,0
everyday,AD,LU,city_centre,0
everyday,AD,LU,commercial_zone,0
everyday,AD,MC,city_centre,0
everyday,BE,AD,city_centre,0
everyday,BE,BE,city_centre,9.24957e+09
everyday,BE,BE,commercial_zone,2.2263e+09
everyday,BE,CH,city_centre,0
everyday,BE,CH,commercial_zone,0
everyday,BE,DE,city_centre,3.34795e+06
everyday,BE,DE,commercial_zone,28001.5
everyday,BE,ES,city_centre,0
everyday,BE,ES,commercial_zone,0
everyday,BE,FR,city_centre,8.33206e+08
everyday,BE,FR,commercial_zone,3.05692e+08
everyday,BE,IT,city_centre,0
everyday,BE,IT,commercial_zone,0
everyday,BE,LU,city_centre,1.02018e+08
everyday,BE,LU,commercial_zone,3.77511e+07
everyday,BE,MC,city_centre,0
everyday,CH,AD,city_centre,0
everyday,CH,BE,city_centre,0
everyday,CH,BE,commercial_zone,0
everyday,CH,CH,city_centre,1.54627e+10
everyday,CH,CH,commercial_zone,1.05192e+09
everyday,CH,DE,city_centre,6.23991e+08
everyday,CH,DE,commercial_zone,3.75266e+07
everyday,CH,ES,city_centre,0
everyday,CH,ES,commercial_zone,0
everyday,CH,FR,city_centre,5.37261e+08
everyday,CH,FR,commercial_zone,2.8355e+08
everyday,CH,IT,city_centre,1.87741e+06
everyday,CH,IT,commercial_zone,0
everyday,CH,LU,city_centre,0
everyday,CH,LU,commercial_zone,0
everyday,CH,MC,city_centre,0
everyday,DE,AD,city_centre,0
everyday,DE,BE,city_centre,611709
everyday,DE,BE,commercial_zone,845624
everyday,DE,CH,city_centre,1.61475e+08
everyday,DE,CH,commercial_zone,3.59757e+06
everyday,DE,DE,city_centre,1.41986e+10
everyday,DE,DE,commercial_zone,1.55311e+09
everyday,DE,ES,city_centre,0
everyday,DE,ES,commercial_zone,0
everyday,DE,FR,city_centre,3.15646e+08
everyday,DE,FR,commercial_zone,1.61167e+08
everyday,DE,IT,city_centre,0
everyday,DE,IT,commercial_zone,0
everyday,DE,LU,city_centre,4.49218e+07
everyday,DE,LU,commercial_zone,1.06089e+07
everyday,DE,MC,city_centre,0
everyday,ES,AD,city_centre,4.85561e+07
everyday,ES,BE,city_centre,0
everyday,ES,BE,commercial_zone,0
everyday,ES,CH,city_centre,0
everyday,ES,CH,commercial_zone,0
everyday,ES,DE,city_centre,0
everyday,ES,DE,commercial_zone,0
everyday,ES,ES,city_centre,4.09524e+09
everyday,ES,ES,commercial_zone,1.07097e+08
everyday,ES,FR,city_centre,3.03117e+07
everyday,ES,FR,commercial_zone,1.15813e+07
everyday,ES,IT,city_centre,0
everyday,ES,IT,commercial_zone,0
everyday,ES,LU,city_centre,0
everyday,ES,LU,commercial_zone,0
everyday,ES,MC,city_centre,0
everyday,FR,AD,city_centre,2.15977e+06
everyday,FR,BE,city_centre,6.63579e+08
everyday,FR,BE,commercial_zone,2.26748e+08
everyday,FR,CH,city_centre,5.99729e+08
everyday,FR,CH,commercial_zone,1.44763e+07
everyday,FR,DE,city_centre,1.14178e+09
everyday,FR,DE,commercial_zone,9.51392e+07
everyday,FR,ES,city_centre,3.06439e+08
everyday,FR,ES,commercial_zone,2.1169e+07
everyday,FR,FR,city_centre,2.30265e+10
everyday,FR,FR,commercial_zone,1.09718e+10
everyday,FR,IT,city_centre,8.09936e+07
everyday,FR,IT,commercial_zone,547640
everyday,FR,LU,city_centre,2.35181e+08
everyday,FR,LU,commercial_zone,6.59809e+07
everyday,FR,MC,city_centre,3.23825e+07
everyday,IT,AD,city_centre,0
everyday,IT,BE,city_centre,0
everyday,IT,BE,commercial_zone,0
everyday,IT,CH,city_centre,73417.5
everyday,IT,CH,commercial_zone,2885.89
everyday,IT,DE,city_centre,0
everyday,IT,DE,commercial_zone,0
everyday,IT,ES,city_centre,0
everyday,IT,ES,commercial_zone,0
everyday,IT,FR,city_centre,5.16975e+07
everyday,IT,FR,commercial_zone,8.9435e+06
everyday,IT,IT,city_centre,4.40516e+09
everyday,IT,IT,commercial_zone,2.27531e+08
everyday,IT,LU,city_centre,0
everyday,IT,LU,commercial_zone,0
everyday,IT,MC,city_centre,3.54267e+06
everyday,LU,AD,city_centre,0
everyday,LU,BE,city_centre,5.85656e+07
everyday,LU,BE,commercial_zone,4.91203e+07
everyday,LU,CH,city_centre,0
everyday,LU,CH,commercial_zone,0
everyday,LU,DE,city_centre,1.6513e+08
everyday,LU,DE,commercial_zone,1.74923e+06
everyday,LU,ES,city_centre,0
everyday,LU,ES,commercial_zone,0
everyday,LU,FR,city_centre,4.7611e+07
everyday,LU,FR,commercial_zone,1.20998e+08
everyday,LU,IT,city_centre,0
everyday,LU,IT,commercial_zone,0
everyday,LU,LU,city_centre,1.96263e+09
everyday,LU,LU,commercial_zone,5.92134e+08
everyday,LU,MC,city_centre,0
everyday,MC,AD,city_centre,0
everyday,MC,BE,city_centre,0
everyday,MC,BE,commercial_zone,0
everyday,MC,CH,city_centre,0
everyday,MC,CH,commercial_zone,0
everyday,MC,DE,city_centre,0
everyday,MC,DE,commercial_zone,0
everyday,MC,ES,city_centre,0
everyday,MC,ES,commercial_zone,0
everyday,MC,FR,city_centre,1.86663e+07
everyday,MC,FR,commercial_zone,1.23262e+06
everyday,MC,IT,city_centre,2.89678e+06
everyday,MC,IT,commercial_zone,0
everyday,MC,LU,city_centre,0
everyday,MC,LU,commercial_zone,0
everyday,MC,MC,city_centre,1.03836e+07
comparison,AD,AD,city_centre,1.24506e+08
comparison,AD,BE,city_centre,0
comparison,AD,BE,commercial_zone,0
comparison,AD,CH,city_centre,0
comparison,AD,CH,commercial_zone,0
comparison,AD,DE,city_centre,0
comparison,AD,DE,commercial_zone,0
comparison,AD,ES,city_centre,300496
comparison,AD,ES,commercial_zone,0
comparison,AD,FR,city_centre,47009.8
comparison,AD,FR,commercial_zone,109819
comparison,AD,IT,city_centre,0
comparison,AD,IT,commercial_zone,0
comparison,AD,LU,city_centre,0
comparison,AD,LU,commercial_zone,0
comparison,AD,MC,city_centre,0
comparison,BE,AD,city_centre,0
comparison,BE,BE,city_centre,5.22335e+09
comparison,BE,BE,commercial_zone,1.44186e+09
comparison,BE,CH,city_centre,0
comparison,BE,CH,commercial_zone,0
comparison,BE,DE,city_centre,1.88307e+07
comparison,BE,DE,commercial_zone,494792
comparison,BE,ES,city_centre,0
comparison,BE,ES,commercial_zone,0
comparison,BE,FR,city_centre,7.31666e+08
comparison,BE,FR,commercial_zone,3.10661e+08
comparison,BE,IT,city_centre,0
comparison,BE,IT,commercial_zone,0
comparison,BE,LU,city_centre,9.14882e+07
comparison,BE,LU,commercial_zone,4.45854e+07
comparison,BE,MC,city_centre,0
comparison,CH,AD,city_centre,0
comparison,CH,BE,city_centre,0
comparison,CH,BE,commercial_zone,0
comparison,CH,CH,city_centre,6.42249e+09
comparison,CH,CH,commercial_zone,7.17345e+08
comparison,CH,DE,city_centre,3.80856e+08
comparison,CH,DE,commercial_zone,8.46643e+06
comparison,CH,ES,city_centre,0
comparison,CH,ES,commercial_zone,0
comparison,CH,FR,city_centre,4.54721e+08
comparison,CH,FR,commercial_zone,3.17012e+08
comparison,CH,IT,city_centre,1.30228e+06
comparison,CH,IT,commercial_zone,0
comparison,CH,LU,city_centre,0
comparison,CH,LU,commercial_zone,0
comparison,CH,MC,city_centre,0
comparison,DE,AD,city_centre,0
comparison,DE,BE,city_centre,1.80596e+06
comparison,DE,BE,commercial_zone,5.23856e+06
comparison,DE,CH,city_centre,1.56154e+08
comparison,DE,CH,commercial_zone,5.94993e+06
comparison,DE,DE,city_centre,8.14425e+09
comparison,DE,DE,commercial_zone,9.27339e+08
comparison,DE,ES,city_centre,0
comparison,DE,ES,commercial_zone,0
comparison,DE,FR,city_centre,4.87027e+08
comparison,DE,FR,commercial_zone,2.98167e+08
comparison,DE,IT,city_centre,0
comparison,DE,IT,commercial_zone,0
comparison,DE,LU,city_centre,6.5692e+07
comparison,DE,LU,commercial_zone,2.44235e+07
comparison,DE,MC,city_centre,0
comparison,ES,AD,city_centre,2.80842e+07
comparison,ES,BE,city_centre,0
comparison,ES,BE,commercial_zone,0
comparison,ES,CH,city_centre,0
comparison,ES,CH,commercial_zone,0
comparison,ES,DE,city_centre,0
comparison,ES,DE,commercial_zone,0
comparison,ES,ES,city_centre,1.70327e+09
comparison,ES,ES,commercial_zone,1.98668e+08
comparison,ES,FR,city_centre,5.15788e+07
comparison,ES,FR,commercial_zone,2.67945e+07
comparison,ES,IT,city_centre,0
comparison,ES,IT,commercial_zone,0
comparison,ES,LU,city_centre,0
comparison,ES,LU,commercial_zone,0
comparison,ES,MC,city_centre,0
comparison,FR,AD,city_centre,4.73091e+06
comparison,FR,BE,city_centre,6.71741e+08
comparison,FR,BE,commercial_zone,2.38985e+08
comparison,FR,CH,city_centre,3.40499e+08
comparison,FR,CH,commercial_zone,1.86574e+07
comparison,FR,DE,city_centre,7.93004e+08
comparison,FR,DE,commercial_zone,7.42888e+07
comparison,FR,ES,city_centre,2.16313e+08
comparison,FR,ES,commercial_zone,2.31158e+07
comparison,FR,FR,city_centre,9.49437e+09
comparison,FR,FR,commercial_zone,5.35334e+09
comparison,FR,IT,city_centre,5.7637e+07
comparison,FR,IT,commercial_zone,1.40533e+06
comparison,FR,LU,city_centre,1.24897e+08
comparison,FR,LU,commercial_zone,5.02489e+07
comparison,FR,MC,city_centre,1.15702e+07
comparison,IT,AD,city_centre,0
comparison,IT,BE,city_centre,0
comparison,IT,BE,commercial_zone,0
comparison,IT,CH,city_centre,633847
comparison,IT,CH,commercial_zone,59663.6
comparison,IT,DE,city_centre,0
comparison,IT,DE,commercial_zone,0
comparison,IT,ES,city_centre,0
comparison,IT,ES,commercial_zone,0
comparison,IT,FR,city_centre,1.08821e+08
comparison,IT,FR,commercial_zone,3.00625e+07
comparison,IT,IT,city_centre,2.13982e+09
comparison,IT,IT,commercial_zone,5.50855e+08
comparison,IT,LU,city_centre,0
comparison,IT,LU,commercial_zone,0
comparison,IT,MC,city_centre,4.39786e+06
comparison,LU,AD,city_centre,0
comparison,LU,BE,city_centre,5.19143e+07
comparison,LU,BE,commercial_zone,9.58355e+07
comparison,LU,CH,city_centre,0
comparison,LU,CH,commercial_zone,0
comparison,LU,DE,city_centre,3.82983e+08
comparison,LU,DE,commercial_zone,1.86206e+07
comparison,LU,ES,city_centre,0
comparison,LU,ES,commercial_zone,0
comparison,LU,FR,city_centre,1.57093e+08
comparison,LU,FR,commercial_zone,2.53275e+08
comparison,LU,IT,city_centre,0
comparison,LU,IT,commercial_zone,0
comparison,LU,LU,city_centre,1.33387e+09
comparison,LU,LU,commercial_zone,5.57121e+08
comparison,LU,MC,city_centre,0
comparison,MC,AD,city_centre,0
comparison,MC,BE,city_centre,0
comparison,MC,BE,commercial_zone,0
comparison,MC,CH,city_centre,0
comparison,MC,CH,commercial_zone,0
comparison,MC,DE,city_centre,0
comparison,MC,DE,commercial_zone,0
comparison,MC,ES,city_centre,0
comparison,MC,ES,commercial_zone,0
comparison,MC,FR,city_centre,9.7203e+06
comparison,MC,FR,commercial_zone,2.4007e+06
comparison,MC,IT,city_centre,1.92686e+06
comparison,MC,IT,commercial_zone,0
comparison,MC,LU,city_centre,0
comparison,MC,LU,commercial_zone,0
comparison,MC,MC,city_centre,1.41989e+06
