segment,neighbour,fr_to_nb_eur,nb_to_fr_eur,net_for_france_eur,balance_index,theta_scale,gamma
all,BE,9.45419e+08,1.3508e+09,4.05381e+08,0.176543,0.5,0
all,LU,3.26819e+08,2.92369e+08,-3.44495e+07,-0.0556366,0.5,0
all,DE,1.15562e+09,7.47583e+08,-4.08035e+08,-0.214394,0.5,0
all,CH,9.20016e+08,5.38461e+08,-3.81554e+08,-0.261612,0.5,0
all,IT,6.73801e+07,1.28186e+08,6.0806e+07,0.310923,0.5,0
all,MC,2.32767e+07,2.65935e+07,3.31682e+06,0.0665091,0.5,0
all,ES,2.74579e+08,8.41909e+07,-1.90388e+08,-0.53067,0.5,0
all,AD,3.94769e+06,123928,-3.82377e+06,-0.939126,0.5,0
all,BE,1.00799e+09,1.27678e+09,2.68798e+08,0.117648,0.5,2
all,LU,2.93339e+08,3.40499e+08,4.71601e+07,0.0744039,0.5,2
all,DE,1.30326e+09,6.97548e+08,-6.05714e+08,-0.302734,0.5,2
all,CH,5.69526e+08,8.97264e+08,3.27737e+08,0.223438,0.5,2
all,IT,7.95622e+07,1.14657e+08,3.50949e+07,0.180697,0.5,2
all,MC,2.30468e+07,2.62577e+07,3.21089e+06,0.0651237,0.5,2
all,ES,3.53004e+08,6.28794e+07,-2.90124e+08,-0.69761,0.5,2
all,AD,4.55899e+06,99791.4,-4.4592e+06,-0.95716,0.5,2
all,BE,1.04081e+09,1.2411e+09,2.0029e+08,0.0877733,0.5,3
all,LU,2.78313e+08,3.67181e+08,8.88677e+07,0.137674,0.5,3
all,DE,1.38448e+09,6.75825e+08,-7.08653e+08,-0.343956,0.5,3
all,CH,4.41795e+08,1.14354e+09,7.01747e+08,0.442648,0.5,3
all,IT,8.67617e+07,1.08826e+08,2.20647e+07,0.112812,0.5,3
all,MC,2.29125e+07,2.60562e+07,3.14377e+06,0.0641995,0.5,3
all,ES,3.99044e+08,5.44781e+07,-3.44566e+08,-0.759756,0.5,3
all,AD,4.90202e+06,90200.4,-4.81181e+06,-0.963864,0.5,3
all,BE,1.33798e+09,1.85394e+09,5.15967e+08,0.161648,0.75,0
all,LU,4.36249e+08,4.08713e+08,-2.75355e+07,-0.0325878,0.75,0
all,DE,1.54832e+09,1.05654e+09,-4.91782e+08,-0.188794,0.75,0
all,CH,1.2387e+09,7.76772e+08,-4.61928e+08,-0.229191,0.75,0
all,IT,9.47331e+07,1.7771e+08,8.29771e+07,0.304566,0.75,0
all,MC,3.41576e+07,3.02409e+07,-3.91676e+06,-0.0608207,0.75,0
all,ES,3.69233e+08,1.22814e+08,-2.46419e+08,-0.500804,0.75,0
all,AD,5.13962e+06,184903,-4.95472e+06,-0.930547,0.75,0
all,BE,1.42382e+09,1.7592e+09,3.35374e+08,0.105364,0.75,2
all,LU,3.92819e+08,4.68911e+08,7.60917e+07,0.088301,0.75,2
all,DE,1.73799e+09,9.92391e+08,-7.45601e+08,-0.273076,0.75,2
all,CH,7.8419e+08,1.26447e+09,4.80279e+08,0.234436,0.75,2
all,IT,1.11279e+08,1.59709e+08,4.84301e+07,0.178717,0.75,2
all,MC,3.37173e+07,2.97802e+07,-3.93715e+06,-0.0620048,0.75,2
all,ES,4.683e+08,9.21227e+07,-3.76177e+08,-0.671238,0.75,2
all,AD,5.85441e+06,148947,-5.70547e+06,-0.950379,0.75,2
all,BE,1.46871e+09,1.71331e+09,2.44591e+08,0.0768666,0.75,3
all,LU,3.73108e+08,5.01429e+08,1.28322e+08,0.146731,0.75,3
all,DE,1.84077e+09,9.63882e+08,-8.76893e+08,-0.312656,0.75,3
all,CH,6.13741e+08,1.58728e+09,9.73537e+08,0.442312,0.75,3
all,IT,1.21006e+08,1.51872e+08,3.08659e+07,0.113113,0.75,3
all,MC,3.34626e+07,2.95039e+07,-3.9587e+06,-0.0628699,0.75,3
all,ES,5.25882e+08,7.99485e+07,-4.45933e+08,-0.73607,0.75,3
all,AD,6.24957e+06,134649,-6.11492e+06,-0.957818,0.75,3
all,BE,1.69526e+09,2.29195e+09,5.9669e+08,0.149651,1,0
all,LU,5.27598e+08,5.10956e+08,-1.66423e+07,-0.0160245,1,0
all,DE,1.88036e+09,1.33692e+09,-5.43438e+08,-0.168912,1,0
all,CH,1.51031e+09,9.98455e+08,-5.11851e+08,-0.204025,1,0
all,IT,1.2014e+08,2.21221e+08,1.0108e+08,0.29611,1,0
all,MC,4.46399e+07,3.25735e+07,-1.20664e+07,-0.156274,1,0
all,ES,4.51339e+08,1.59682e+08,-2.91657e+08,-0.477328,1,0
all,AD,6.10863e+06,245237,-5.86339e+06,-0.922807,1,0
all,BE,1.80105e+09,2.18123e+09,3.80172e+08,0.0954659,1,2
all,LU,4.76308e+08,5.78977e+08,1.02669e+08,0.0972903,1,2
all,DE,2.10422e+09,1.26201e+09,-8.42209e+08,-0.250194,1,2
all,CH,9.73362e+08,1.59254e+09,6.19182e+08,0.241311,1,2
all,IT,1.40584e+08,1.99525e+08,5.89414e+07,0.173302,1,2
all,MC,4.39527e+07,3.20199e+07,-1.19328e+07,-0.157067,1,2
all,ES,5.67037e+08,1.20266e+08,-4.46771e+08,-0.650035,1,2
all,AD,6.89068e+06,197622,-6.69306e+06,-0.94424,1,2
all,BE,1.85624e+09,2.12742e+09,2.7118e+08,0.068073,1,3
all,LU,4.52828e+08,6.14933e+08,1.62106e+08,0.151818,1,3
all,DE,2.22435e+09,1.22814e+09,-9.96206e+08,-0.288547,1,3
all,CH,7.67484e+08,1.97394e+09,1.20646e+09,0.440084,1,3
all,IT,1.52549e+08,1.90004e+08,3.74551e+07,0.109341,1,3
all,MC,4.35587e+07,3.16883e+07,-1.18704e+07,-0.157753,1,3
all,ES,6.33731e+08,1.04546e+08,-5.29186e+08,-0.716784,1,3
all,AD,7.31717e+06,178675,-7.1385e+06,-0.952327,1,3
all,BE,2.02407e+09,2.68073e+09,6.56662e+08,0.139573,1.25,0
all,LU,6.06207e+08,6.01848e+08,-4.35923e+06,-0.00360847,1.25,0
all,DE,2.16946e+09,1.59462e+09,-5.74841e+08,-0.152717,1.25,0
all,CH,1.74782e+09,1.20563e+09,-5.42194e+08,-0.18358,1.25,0
all,IT,1.44044e+08,2.60106e+08,1.16062e+08,0.287175,1.25,0
all,MC,5.47719e+07,3.41999e+07,-2.05719e+07,-0.231218,1.25,0
all,ES,5.24485e+08,1.94994e+08,-3.29491e+08,-0.457958,1.25,0
all,AD,6.92481e+06,304943,-6.61987e+06,-0.915642,1.25,0
all,BE,2.14723e+09,2.55724e+09,4.10014e+08,0.0871541,1.25,2
all,LU,5.48469e+08,6.74845e+08,1.26376e+08,0.103306,1.25,2
all,DE,2.42257e+09,1.51112e+09,-9.11454e+08,-0.231704,1.25,2
all,CH,1.14331e+09,1.88864e+09,7.45338e+08,0.245828,1.25,2
all,IT,1.68043e+08,2.35274e+08,6.72311e+07,0.166695,1.25,2
all,MC,5.38121e+07,3.35754e+07,-2.02367e+07,-0.231574,1.25,2
all,ES,6.54076e+08,1.4742e+08,-5.06656e+08,-0.632139,1.25,2
all,AD,7.75208e+06,245825,-7.50626e+06,-0.938528,1.25,2
all,BE,2.21134e+09,2.49708e+09,2.85743e+08,0.0606876,1.25,3
all,LU,5.21852e+08,7.12718e+08,1.90865e+08,0.154601,1.25,3
all,DE,2.55744e+09,1.47288e+09,-1.08456e+09,-0.2691,1.25,3
all,CH,9.07311e+08,2.31582e+09,1.40851e+09,0.437,1.25,3
all,IT,1.82037e+08,2.24305e+08,4.22679e+07,0.10402,1.25,3
all,MC,5.32661e+07,3.32016e+07,-2.00645e+07,-0.232046,1.25,3
all,ES,7.28225e+08,1.28352e+08,-5.99873e+08,-0.700315,1.25,3
all,AD,8.19772e+06,222285,-7.97544e+06,-0.947201,1.25,3
all,BE,2.4453e+09,3.16138e+09,7.16085e+08,0.12772,1.6,0
all,LU,7.00739e+08,7.13792e+08,1.30535e+07,0.00922813,1.6,0
all,DE,2.52157e+09,1.92482e+09,-5.96741e+08,-0.134208,1.6,0
all,CH,2.03768e+09,1.4745e+09,-5.6318e+08,-0.160351,1.6,0
all,IT,1.75487e+08,3.08499e+08,1.33012e+08,0.274825,1.6,0
all,MC,6.84385e+07,3.57975e+07,-3.2641e+07,-0.313145,1.6,0
all,ES,6.15665e+08,2.42111e+08,-3.73554e+08,-0.435491,1.6,0
all,AD,7.88497e+06,387502,-7.49747e+06,-0.906315,1.6,0
all,BE,2.58937e+09,3.02377e+09,4.34397e+08,0.0773892,1.6,2
all,LU,6.35629e+08,7.90587e+08,1.54958e+08,0.10865,1.6,2
all,DE,2.8101e+09,1.83172e+09,-9.78378e+08,-0.210775,1.6,2
all,CH,1.3562e+09,2.2594e+09,9.03201e+08,0.249807,1.6,2
all,IT,2.04026e+08,2.79966e+08,7.59398e+07,0.156903,1.6,2
all,MC,6.70676e+07,3.50983e+07,-3.19693e+07,-0.312916,1.6,2
all,ES,7.61397e+08,1.83935e+08,-5.77462e+08,-0.610856,1.6,2
all,AD,8.75223e+06,312536,-8.43969e+06,-0.931044,1.6,2
all,BE,2.66419e+09,2.95655e+09,2.92356e+08,0.0520139,1.6,3
all,LU,6.05375e+08,8.29545e+08,2.24169e+08,0.156224,1.6,3
all,DE,2.96269e+09,1.78851e+09,-1.17418e+09,-0.247133,1.6,3
all,CH,1.08468e+09,2.73535e+09,1.65067e+09,0.432108,1.6,3
all,IT,2.20597e+08,2.67264e+08,4.66672e+07,0.0956566,1.6,3
all,MC,6.62955e+07,3.46802e+07,-3.16152e+07,-0.313097,1.6,3
all,ES,8.44007e+08,1.60474e+08,-6.83533e+08,-0.680484,1.6,3
all,AD,9.21243e+06,282657,-8.92977e+06,-0.940462,1.6,3
