zone,type,2012,2025,evol_pct
Reste du territoire,Alimentaire spécialisé,20029,24692,23.3
Reste du territoire,Autres commerces spécialisés,29779,33661,13.0
Reste du territoire,Carburants,2910,2516,-13.5
Reste du territoire,Chaussures et maroquinerie,4249,3239,-23.8
Reste du territoire,"Commerce non spécialisé (super/hyper, supérettes)",21598,27555,27.6
Reste du territoire,Culture et loisirs,11160,10457,-6.3
Reste du territoire,Habillement,16504,15056,-8.8
Reste du territoire,Pharmacies,13988,12928,-7.6
Reste du territoire,"Équipement du foyer (bricolage, meubles, électroménager)",17558,15383,-12.4
Reste du territoire,Équipement informatique et télécom,3669,3508,-4.4
Centres-villes (communes ≥ 5 000 hab.),Alimentaire spécialisé,7402,8575,15.8
Centres-villes (communes ≥ 5 000 hab.),Autres commerces spécialisés,15170,15385,1.4
Centres-villes (communes ≥ 5 000 hab.),Carburants,266,182,-31.6
Centres-villes (communes ≥ 5 000 hab.),Chaussures et maroquinerie,3761,2337,-37.9
Centres-villes (communes ≥ 5 000 hab.),"Commerce non spécialisé (super/hyper, supérettes)",4083,6192,51.7
Centres-villes (communes ≥ 5 000 hab.),Culture et loisirs,4068,3290,-19.1
Centres-villes (communes ≥ 5 000 hab.),Habillement,15453,11551,-25.3
Centres-villes (communes ≥ 5 000 hab.),Pharmacies,4556,3730,-18.1
Centres-villes (communes ≥ 5 000 hab.),"Équipement du foyer (bricolage, meubles, électroménager)",4906,3319,-32.3
Centres-villes (communes ≥ 5 000 hab.),Équipement informatique et télécom,1861,1412,-24.1
Zones commerciales périphériques,Alimentaire spécialisé,1395,2778,99.1
Zones commerciales périphériques,Autres commerces spécialisés,5839,8212,40.6
Zones commerciales périphériques,Carburants,178,156,-12.4
Zones commerciales périphériques,Chaussures et maroquinerie,1812,1772,-2.2
Zones commerciales périphériques,"Commerce non spécialisé (super/hyper, supérettes)",2739,4005,46.2
Zones commerciales périphériques,Culture et loisirs,2270,2708,19.3
Zones commerciales périphériques,Habillement,6826,7616,11.6
Zones commerciales périphériques,Pharmacies,534,634,18.7
Zones commerciales périphériques,"Équipement du foyer (bricolage, meubles, électroménager)",6199,6764,9.1
Zones commerciales périphériques,Équipement informatique et télécom,950,1130,18.9
Quartiers prioritaires (QPV),Alimentaire spécialisé,2261,2339,3.4
Quartiers prioritaires (QPV),Autres commerces spécialisés,2366,2233,-5.6
Quartiers prioritaires (QPV),Carburants,111,80,-27.9
Quartiers prioritaires (QPV),Chaussures et maroquinerie,446,257,-42.4
Quartiers prioritaires (QPV),"Commerce non spécialisé (super/hyper, supérettes)",2149,2991,39.2
Quartiers prioritaires (QPV),Culture et loisirs,714,532,-25.5
Quartiers prioritaires (QPV),Habillement,1959,1317,-32.8
Quartiers prioritaires (QPV),Pharmacies,1691,1417,-16.2
Quartiers prioritaires (QPV),"Équipement du foyer (bricolage, meubles, électroménager)",834,547,-34.4
Quartiers prioritaires (QPV),Équipement informatique et télécom,433,456,5.3
