taille,surf_t,centres,e2012,e2025,r2012,r2025,surf_peri_moy_ha,evol_employeurs_pct,evol_tous_pct
5-10k,faible,111,2677.0,2420.0,4836.0,4504.0,0.7,-9.6,-6.9
5-10k,moyenne,110,2660.0,2258.0,4796.0,4307.0,15.8,-15.1,-10.2
5-10k,forte,111,2112.0,1857.0,3689.0,3495.0,95.7,-12.1,-5.3
10-20k,faible,116,4832.0,4154.0,8426.0,7839.0,10.6,-14.0,-7.0
10-20k,moyenne,115,5476.0,4592.0,9227.0,8384.0,55.3,-16.1,-9.1
10-20k,forte,115,2329.0,2315.0,3918.0,4166.0,220.9,-0.6,6.3
20-50k,faible,95,8465.0,7002.0,13986.0,13103.0,53.3,-17.3,-6.3
20-50k,moyenne,94,6595.0,5836.0,10368.0,9874.0,129.7,-11.5,-4.8
20-50k,forte,95,3531.0,3351.0,5618.0,5797.0,265.6,-5.1,3.2
50-100k,faible,26,3784.0,3540.0,6317.0,6355.0,93.1,-6.4,0.6
50-100k,moyenne,26,3598.0,3387.0,5949.0,6005.0,152.7,-5.9,0.9
50-100k,forte,26,2953.0,2620.0,4696.0,4556.0,284.0,-11.3,-3.0
100k+,faible,12,4462.0,4161.0,7156.0,6959.0,117.0,-6.7,-2.8
100k+,moyenne,12,3829.0,3424.0,5822.0,5648.0,223.2,-10.6,-3.0
100k+,forte,12,5194.0,4820.0,7863.0,7569.0,398.2,-7.2,-3.7
