NOM,POPULATION,e2012,e2025,g_e,surf_peri_10km_ha,peri_e2012,peri_e2025,dist_peri_km,peri_evol
Cournon-d'Auvergne,20193,13.0,5.0,-61.5,270.6,323.0,355.0,1.7,32.0
Mont-de-Marsan,30674,135.0,67.0,-50.4,119.1,71.0,124.0,1.4,53.0
Meudon,46342,12.0,6.0,-50.0,127.0,635.0,650.0,3.4,15.0
Liévin,30149,22.0,11.0,-50.0,154.4,100.0,120.0,0.3,20.0
Marignane,33003,43.0,22.0,-48.8,81.7,89.0,116.0,0.8,27.0
Vierzon,25348,57.0,30.0,-47.4,49.1,36.0,35.0,1.6,-1.0
Forbach,21130,86.0,46.0,-46.5,45.8,33.0,29.0,1.2,-4.0
Pertuis,20012,63.0,34.0,-46.0,66.3,54.0,71.0,0.7,17.0
Le Chesnay-Rocquencourt,30924,37.0,21.0,-43.2,62.7,350.0,360.0,0.4,10.0
Auch,23041,56.0,32.0,-42.9,28.6,16.0,19.0,1.6,3.0
Bruay-la-Buissière,21827,33.0,19.0,-42.4,145.8,112.0,146.0,2.0,34.0
Sens,27034,109.0,63.0,-42.2,103.8,47.0,86.0,0.8,39.0
Saint-Brieuc,44224,198.0,115.0,-41.9,249.2,182.0,189.0,1.6,7.0
Thionville,42163,186.0,112.0,-39.8,76.9,144.0,176.0,1.1,32.0
Châtellerault,31284,99.0,60.0,-39.4,46.4,50.0,49.0,1.1,-1.0
