insee_com,lib_com,cls,d1,d2,dot_id,fiable,vacance_2025
01053,Bourg-en-Bresse,3,0.2,58.5,154,True,15-20 %
07019,Aubenas,3,0.5,40.4,160,True,15-20 %
12300,Villefranche-de-Rouergue,4,0.5,57.5,201,True,> 20 %
18033,Bourges,4,0.1,62.3,192,True,> 20 %
22113,Lannion,2,0.3,62.6,58,True,10-15 %
28280,Nogent-le-Rotrou,2,0.4,95.5,68,True,10-15 %
29232,Quimper,2,0.4,121.8,72,True,10-15 %
2B033,Bastia,2,303.2,446.8,130,False,10-15 %
30028,Bagnols-sur-Cèze,4,0.2,62.2,203,True,> 20 %
34108,Frontignan,0,0.2,21.4,239,True,< 5 %
45155,Gien,4,0.1,65.4,190,True,> 20 %
46102,Figeac,2,0.7,57.2,114,True,10-15 %
47157,Marmande,3,0.5,37.1,162,True,15-20 %
53130,Laval,2,0.3,65.7,75,True,10-15 %
54329,Lunéville,1,0.2,88.2,9,True,5-10 %
54528,Toul,2,0.4,93.1,63,True,10-15 %
55545,Verdun,2,0.4,91.1,53,True,10-15 %
57631,Sarreguemines,3,0.4,32.1,136,True,15-20 %
57672,Thionville,2,2.2,62.1,48,True,10-15 %
58086,Cosne-Cours-sur-Loire,2,0.4,81.6,83,True,10-15 %
59122,Cambrai,2,0.2,40.2,41,True,10-15 %
59178,Douai,2,5.1,44.9,37,False,10-15 %
59392,Maubeuge,2,0.2,84.0,40,True,10-15 %
60175,Creil,2,0.7,18.2,50,True,10-15 %
61001,Alençon,4,0.1,70.4,187,True,> 20 %
62510,Liévin,1,0.6,30.6,1,False,5-10 %
63300,Riom,2,0.4,64.1,98,True,10-15 %
65286,Lourdes,4,3.4,37.1,207,True,> 20 %
65440,Tarbes,3,0.5,36.9,178,True,15-20 %
70550,Vesoul,2,0.5,87.6,81,True,10-15 %
71014,Autun,3,0.2,36.3,147,True,15-20 %
76259,Fécamp,2,0.3,107.8,45,True,10-15 %
79191,Niort,2,0.9,59.0,93,True,10-15 %
82033,Castelsarrasin,0,0.3,39.4,237,True,< 5 %
82121,Montauban,2,0.2,39.7,117,True,10-15 %
83023,Brignoles,0,0.2,69.7,240,True,< 5 %
83050,Draguignan,2,0.5,69.1,122,True,10-15 %
02408,Laon,1,0.3,60.7,2,True,5-10 %
02691,Saint-Quentin,4,0.1,73.2,183,True,> 20 %
03190,Moulins,3,0.2,98.8,150,True,15-20 %
04070,Digne-les-Bains,3,0.8,92.8,165,True,15-20 %
04112,Manosque,2,0.3,92.1,120,True,10-15 %
09122,Foix,2,0.6,35.6,129,True,10-15 %
12145,Millau,3,0.4,106.7,167,True,15-20 %
13108,Tarascon,2,0.1,40.6,121,True,10-15 %
14366,Lisieux,2,0.3,100.6,52,True,10-15 %
15012,Arpajon-sur-Cère,3,12.0,93.0,159,False,15-20 %
22278,Saint-Brieuc,4,0.3,103.9,186,True,> 20 %
24037,Bergerac,2,0.8,84.6,112,True,10-15 %
27375,Louviers,2,0.2,45.5,51,True,10-15 %
28085,Chartres,2,0.0,71.5,65,True,10-15 %
28134,Dreux,2,0.1,69.2,62,True,10-15 %
29151,Morlaix,3,0.1,62.5,138,True,15-20 %
30007,Alès,3,0.2,87.7,166,True,15-20 %
31483,Saint-Gaudens,4,0.2,112.6,208,True,> 20 %
33243,Libourne,2,0.3,112.5,109,True,10-15 %
34145,Lunel,1,0.2,82.4,29,True,5-10 %
34301,Sète,1,0.4,21.5,32,True,5-10 %
35288,Saint-Malo,0,0.4,120.8,224,True,< 5 %
35360,Vitré,2,0.1,54.1,74,True,10-15 %
37072,Chinon,1,0.4,54.8,16,True,5-10 %
42147,Montbrison,2,0.5,88.6,104,True,10-15 %
44184,Saint-Nazaire,3,0.2,89.7,146,True,15-20 %
47001,Agen,4,0.2,53.6,202,True,> 20 %
47310,Tonneins,2,0.2,37.5,115,True,10-15 %
47323,Villeneuve-sur-Lot,4,0.5,53.7,200,True,> 20 %
50129,Cherbourg-en-Cotentin,2,0.1,142.8,46,True,10-15 %
51649,Vitry-le-François,1,0.3,57.7,8,True,5-10 %
52448,Saint-Dizier,2,0.2,44.5,64,True,10-15 %
62119,Béthune,2,15.8,30.8,36,False,10-15 %
62193,Calais,4,0.3,63.8,181,True,> 20 %
62498,Lens,1,7.6,34.7,1,False,5-10 %
66136,Perpignan,3,0.3,108.2,180,True,15-20 %
67437,Saverne,2,0.3,44.2,59,True,10-15 %
67462,Sélestat,1,0.3,33.3,10,True,5-10 %
68066,Colmar,2,0.1,33.6,73,True,10-15 %
69243,Tarare,2,0.5,62.9,97,True,10-15 %
71153,Le Creusot,4,0.2,31.4,195,True,> 20 %
79049,Bressuire,2,0.4,74.8,87,True,10-15 %
81163,Mazamet,0,0.5,43.5,238,True,< 5 %
85191,La Roche-sur-Yon,2,0.2,106.6,89,True,10-15 %
88413,Saint-Dié-des-Vosges,2,0.4,75.0,67,True,10-15 %
01283,Oyonnax,3,0.3,65.0,153,True,15-20 %
02722,Soissons,2,0.3,60.8,49,True,10-15 %
03310,Vichy,2,0.1,62.6,95,True,10-15 %
05023,Briançon,2,0.2,118.1,110,True,10-15 %
06069,Grasse,3,0.1,82.4,174,True,15-20 %
07010,Annonay,4,0.4,72.2,199,True,> 20 %
11069,Carcassonne,3,0.5,56.4,179,True,15-20 %
14762,Vire Normandie,1,0.5,49.2,7,True,5-10 %
16102,Cognac,2,0.4,50.5,101,True,10-15 %
18279,Vierzon,4,0.3,60.1,191,True,> 20 %
23096,Guéret,3,0.1,120.0,156,True,15-20 %
25056,Besançon,1,0.1,87.6,15,True,5-10 %
26198,Montélimar,3,0.3,45.4,161,True,15-20 %
27229,Évreux,3,0.1,45.5,137,True,15-20 %
31451,Revel,1,0.1,52.2,31,True,5-10 %
36088,Issoudun,2,0.4,57.6,86,True,10-15 %
38544,Vienne,1,0.5,65.1,24,True,5-10 %
39300,Lons-le-Saunier,2,0.7,91.1,90,True,10-15 %
45252,Pithiviers,3,0.4,84.4,142,True,15-20 %
48095,Mende,3,0.5,113.6,163,True,15-20 %
51230,Épernay,1,0.2,68.0,6,True,5-10 %
54323,Longwy,2,0.7,61.5,47,True,10-15 %
57227,Forbach,4,0.5,29.8,184,True,> 20 %
58194,Nevers,4,0.1,99.0,193,True,> 20 %
59172,Denain,2,1.9,40.3,38,False,10-15 %
59295,Hazebrouck,1,0.2,41.0,0,True,5-10 %
60612,Senlis,1,0.5,18.3,4,True,5-10 %
61006,Argentan,3,0.7,69.7,140,True,15-20 %
64102,Bayonne,1,0.5,81.3,30,True,5-10 %
68112,Guebwiller,2,0.4,52.4,77,True,10-15 %
71076,Chalon-sur-Saône,2,0.2,65.9,88,True,10-15 %
71270,Mâcon,3,4.8,71.9,152,True,15-20 %
72264,Sablé-sur-Sarthe,4,0.3,55.3,189,True,> 20 %
80001,Abbeville,2,0.3,116.8,42,True,10-15 %
84007,Avignon,2,0.2,37.3,118,True,10-15 %
84035,Cavaillon,3,0.1,37.3,172,True,15-20 %
85092,Fontenay-le-Comte,1,0.4,59.4,19,True,5-10 %
89024,Auxerre,3,0.4,100.2,144,True,15-20 %
89387,Sens,3,0.3,95.9,141,True,15-20 %
01004,Ambérieu-en-Bugey,0,0.6,58.3,235,True,< 5 %
03185,Montluçon,3,0.4,121.3,151,True,15-20 %
05061,Gap,2,0.4,114.7,113,True,10-15 %
09225,Pamiers,4,0.2,35.7,209,True,> 20 %
10387,Troyes,2,0.6,119.8,69,True,10-15 %
11262,Narbonne,2,0.4,54.0,126,True,10-15 %
12202,Rodez,2,0.3,86.8,116,True,10-15 %
13004,Arles,2,0.4,55.9,123,True,10-15 %
16015,Angoulème,4,0.1,77.2,197,True,> 20 %
17299,Rochefort,1,0.3,51.7,21,True,5-10 %
19031,Brive-la-Gaillarde,2,0.1,48.6,107,True,10-15 %
19272,Tulle,4,0.7,48.6,198,True,> 20 %
24322,Périgueux,2,0.5,83.8,106,True,10-15 %
25388,Montbéliard,1,0.3,30.9,13,True,5-10 %
26281,Romans-sur-Isère,2,0.7,35.9,108,False,10-15 %
26362,Valence,2,0.1,36.3,111,True,10-15 %
28088,Châteaudun,2,0.3,87.9,76,True,10-15 %
34003,Agde,1,0.2,32.4,33,True,5-10 %
35115,Fougères,2,0.2,53.9,66,True,10-15 %
38053,Bourgoin-Jallieu,2,0.2,64.5,102,True,10-15 %
41194,Romorantin-Lanthenay,2,0.2,59.7,84,True,10-15 %
44036,Châteaubriant,2,0.4,93.3,79,True,10-15 %
49099,Cholet,2,0.3,75.5,85,True,10-15 %
51108,Châlons-en-Champagne,2,0.4,62.5,56,True,10-15 %
55029,Bar-le-Duc,3,0.2,44.4,139,True,15-20 %
56178,Pontivy,2,0.6,95.6,70,True,10-15 %
56260,Vannes,1,0.1,96.6,11,True,5-10 %
57606,Saint-Avold,4,0.5,30.8,185,True,> 20 %
59569,Sin-le-Noble,2,0.5,39.9,37,False,10-15 %
59606,Valenciennes,2,20.6,57.8,38,False,10-15 %
60057,Beauvais,3,0.4,71.2,135,True,15-20 %
60159,Compiègne,1,0.3,57.9,3,True,5-10 %
61169,Flers,2,0.5,49.5,61,True,10-15 %
62041,Arras,2,0.6,29.9,39,True,10-15 %
62178,Bruay-la-Buissière,2,0.1,35.6,36,False,10-15 %
63430,Thiers,2,0.6,63.1,99,True,10-15 %
67180,Haguenau,2,0.1,76.5,57,True,10-15 %
71306,Montceau-les-Mines,3,0.2,31.7,149,True,15-20 %
72154,La Flèche,2,0.2,55.6,80,True,10-15 %
73065,Chambéry,2,0.1,61.6,103,True,10-15 %
86066,Châtellerault,4,0.1,60.3,194,True,> 20 %
86194,Poitiers,2,0.2,60.4,91,True,10-15 %
02168,Château-Thierry,2,0.3,73.8,55,True,10-15 %
07186,Privas,1,0.4,41.2,25,True,5-10 %
08105,Charleville-Mézières,2,0.3,35.8,44,True,10-15 %
08409,Sedan,3,0.2,35.8,134,True,15-20 %
15014,Aurillac,3,0.6,98.0,159,False,15-20 %
17415,Saintes,2,0.3,50.3,100,True,10-15 %
26057,Bourg-de-Péage,2,9.4,30.7,108,False,10-15 %
27681,Vernon,2,0.5,53.1,54,True,10-15 %
2A004,Ajaccio,2,267.5,303.2,130,False,10-15 %
32013,Auch,3,0.2,123.3,175,True,15-20 %
34032,Béziers,2,0.2,42.8,125,True,10-15 %
35236,Redon,1,0.2,89.9,12,True,5-10 %
36044,Châteauroux,3,0.1,57.3,148,True,15-20 %
38563,Voiron,2,0.3,69.4,105,True,10-15 %
39198,Dole,1,0.3,89.4,17,True,5-10 %
40088,Dax,3,0.7,82.1,173,True,15-20 %
40192,Mont-de-Marsan,3,0.1,103.6,171,True,15-20 %
41018,Blois,2,0.4,81.6,82,True,10-15 %
42187,Roanne,2,0.2,63.1,96,True,10-15 %
43157,Le Puy-en-Velay,3,0.2,123.9,158,True,15-20 %
45208,Montargis,4,0.3,65.7,188,True,> 20 %
46042,Cahors,3,0.2,97.4,164,True,15-20 %
49328,Saumur,1,0.2,55.1,14,True,5-10 %
50502,Saint-Lô,1,0.2,72.9,5,True,5-10 %
52121,Chaumont,3,0.2,123.3,143,True,15-20 %
56121,Lorient,2,0.3,96.2,78,True,10-15 %
57630,Sarrebourg,2,0.2,43.9,60,True,10-15 %
59183,Dunkerque,2,3.1,60.2,35,True,10-15 %
62160,Boulogne-sur-Mer,4,0.4,63.7,182,True,> 20 %
62765,Saint-Omer,3,0.4,40.8,133,True,15-20 %
63178,Issoire,1,0.3,81.0,23,True,5-10 %
64445,Pau,2,0.6,69.2,124,True,10-15 %
74012,Annemasse,2,0.3,89.2,94,True,10-15 %
74225,Rumilly,1,0.4,61.5,22,True,5-10 %
76217,Dieppe,2,0.3,108.2,43,True,10-15 %
81004,Albi,2,0.1,71.5,119,True,10-15 %
81065,Castres,3,0.1,43.2,177,True,15-20 %
84031,Carpentras,3,0.4,45.7,169,True,15-20 %
87085,Limoges,3,0.2,120.1,157,True,15-20 %
88160,Épinal,2,0.4,75.7,71,True,10-15 %
90010,Belfort,3,0.1,30.6,145,True,15-20 %
77288,Melun,4,0.4,78.8,211,True,> 20 %
78498,Poissy,1,0.5,55.5,28,False,5-10 %
91570,Saint-Michel-sur-Orge,2,16.9,34.7,127,False,10-15 %
78586,Sartrouville,1,0.4,55.3,27,False,5-10 %
91174,Corbeil-Essonnes,4,0.5,19.5,210,True,> 20 %
77284,Meaux,3,0.2,108.9,170,True,15-20 %
77333,Nemours,4,0.4,83.6,213,True,> 20 %
78361,Mantes-la-Jolie,4,0.4,17.9,204,True,> 20 %
78401,Melan,3,10.4,63.6,168,False,15-20 %
91021,Arpajon,2,0.6,22.9,128,True,10-15 %
91228,Évry,4,0.2,19.4,206,True,> 20 %
77131,Coulommiers,3,0.3,109.1,176,True,15-20 %
78335,Limay,0,0.7,17.7,236,True,< 5 %
78440,Les Mureaux,3,1.0,56.5,168,False,15-20 %
78621,Trappes,1,85.3,114.8,28,False,5-10 %
91223,Étampes,2,0.3,104.2,131,True,10-15 %
95052,Beaumont-sur-Oise,1,12.4,105.1,26,False,5-10 %
95500,Pontoise,1,70.3,76.6,27,False,5-10 %
77014,Avon,1,19.6,79.3,34,False,5-10 %
77186,Fontainebleau,1,0.6,78.5,34,False,5-10 %
77305,Montereau-Fault-Yonne,4,0.6,105.9,212,True,> 20 %
91103,Brétigny-sur-Orge,2,0.4,23.0,127,False,10-15 %
95277,Gonesse,4,0.2,109.2,205,True,> 20 %
95487,Persan,1,0.3,116.1,26,False,5-10 %
