type,NOM,INSEE_COM,Nom Officiel Département,Nom Officiel Région,POPULATION,e2012,e2016,e2019,e2022,e2025,evol_2012_2019_pct,evol_2019_2025_pct,tous_2019_2025_pct,vac25,fact_18_22,palmares_codata,dpop_2014_2020_pct,dist_peri_km
A. Inversion confirmée,Vitry-le-François,51649,Marne,Grand Est,11454,56.0,49.0,41.0,45.0,50.0,-26.8,22.0,9.1,5-10 %,,False,-12.8,0.8935486630430246
A. Inversion confirmée,Sète,34301,Hérault,Occitanie,44712,180.0,166.0,153.0,169.0,174.0,-15.0,13.7,2.8,5-10 %,-4.4,False,1.0,6.232771219177389
A. Inversion confirmée,Privas,07186,Ardèche,Auvergne-Rhône-Alpes,8541,46.0,41.0,35.0,36.0,37.0,-23.9,5.7,0.0,5-10 %,,False,3.1,18.666213133819205
"A2. Inversion, vacance moyenne",Creil,60175,Oise,Hauts-de-France,36106,59.0,49.0,40.0,53.0,55.0,-32.2,37.5,13.3,10-15 %,,False,3.0,1.0220668590387914
"A2. Inversion, vacance moyenne",Denain,59172,Nord,Hauts-de-France,20640,50.0,50.0,36.0,43.0,43.0,-28.0,19.4,8.3,10-15 %,,False,-0.5,1.2990614022264069
"A2. Inversion, vacance moyenne",Lunéville,54329,Meurthe-et-Moselle,Grand Est,17755,54.0,53.0,46.0,49.0,52.0,-14.8,13.0,-5.4,5-10 %,,False,-7.6,1.2308395337000242
"A2. Inversion, vacance moyenne",La Flèche,72154,Sarthe,Pays de la Loire,14937,37.0,37.0,33.0,35.0,35.0,-10.8,6.1,-8.0,10-15 %,,False,0.4,1.4511367959348778
B. Centre résilient,Frontignan,34108,Hérault,Occitanie,23808,30.0,29.0,31.0,36.0,33.0,3.3,6.5,-2.7,< 5 %,,False,2.6,5.243545470426608
B. Centre résilient,Poissy,78498,Yvelines,Île-de-France,40016,79.0,82.0,81.0,89.0,85.0,2.5,4.9,-2.2,5-10 %,,False,7.4,1.6800719523361498
B. Centre résilient,Vannes,56260,Morbihan,Bretagne,54420,258.0,265.0,264.0,273.0,271.0,2.3,2.7,-1.5,5-10 %,,False,1.8,1.622309324142298
C. Déclin stoppé,Sélestat,67462,Bas-Rhin,Grand Est,19300,99.0,87.0,78.0,82.0,79.0,-21.2,1.3,5.1,5-10 %,,False,-1.4,1.0666469113020247
C. Déclin stoppé,Mazamet,81163,Tarn,Occitanie,10064,45.0,47.0,34.0,39.0,34.0,-24.4,0.0,-5.0,< 5 %,,False,-2.2,13.776184525969647
C. Déclin stoppé,Rochefort,17299,Charente-Maritime,Nouvelle-Aquitaine,23092,103.0,94.0,82.0,85.0,81.0,-20.4,-1.2,-7.3,5-10 %,,False,-3.7,1.0531798262543464
C. Déclin stoppé,Béziers,34032,Hérault,Occitanie,80341,219.0,179.0,166.0,171.0,163.0,-24.2,-1.8,-12.9,10-15 %,,False,3.9,1.924686903583619
C. Déclin stoppé,Romorantin-Lanthenay,41194,Loir-et-Cher,Centre-Val de Loire,18115,45.0,40.0,33.0,37.0,32.0,-26.7,-3.0,-12.3,10-15 %,,False,4.3,1.9025786273728973
C. Déclin stoppé,Draguignan,83050,Var,Provence-Alpes-Côte d'Azur,39745,138.0,117.0,95.0,99.0,91.0,-31.2,-4.2,0.5,10-15 %,,False,-1.5,1.2089119157752837
C. Déclin stoppé,Cholet,49099,Maine-et-Loire,Pays de la Loire,53936,146.0,122.0,106.0,110.0,101.0,-27.4,-4.7,-6.8,10-15 %,,False,0.9,1.738871680064083
C. Déclin stoppé,Lisieux,14366,Calvados,Normandie,19807,126.0,108.0,104.0,106.0,99.0,-17.5,-4.8,-5.1,10-15 %,,False,-5.4,2.1390176208138296
C. Déclin stoppé,Épinal,88160,Vosges,Grand Est,32285,144.0,131.0,119.0,112.0,113.0,-17.4,-5.0,-11.8,10-15 %,,False,-0.5,1.5586312316305606
D. Vacance en baisse durable,Louviers,27375,Eure,Normandie,18350,61.0,62.0,67.0,67.0,67.0,9.8,0.0,-5.5,10-15 %,-4.3,False,2.1,12.00940764253202
D. Vacance en baisse durable,Gap,05061,Hautes-Alpes,Provence-Alpes-Côte d'Azur,40500,183.0,162.0,149.0,146.0,139.0,-18.6,-6.7,-3.6,10-15 %,,True,-0.3,0.6038887421865579
D. Vacance en baisse durable,Vesoul,70550,Haute-Saône,Bourgogne-Franche-Comté,15130,95.0,88.0,84.0,83.0,71.0,-11.6,-15.5,-7.9,10-15 %,,True,-2.3,1.2640965835734317
D. Vacance en baisse durable,Saint-Dizier,52448,Haute-Marne,Grand Est,23068,89.0,82.0,80.0,73.0,67.0,-10.1,-16.2,-21.0,10-15 %,,True,-9.5,1.640942040959974
D. Vacance en baisse durable,Saverne,67437,Bas-Rhin,Grand Est,11390,87.0,92.0,78.0,76.0,65.0,-10.3,-16.7,-8.8,10-15 %,-4.4,False,-1.1,12.278238732066947
D. Vacance en baisse durable,Redon,35236,Ille-et-Vilaine,Bretagne,9312,55.0,53.0,51.0,54.0,41.0,-7.3,-19.6,-1.2,5-10 %,-5.0,False,4.4,0.3211966754501467
D. Vacance en baisse durable,Dole,39198,Jura,Bourgogne-Franche-Comté,23775,71.0,72.0,64.0,59.0,49.0,-9.9,-23.4,-4.8,5-10 %,-4.7,False,1.3,0.6104032358108124
E. Rechute (vacance remontée),Calais,62193,Pas-de-Calais,Hauts-de-France,67380,91.0,84.0,74.0,81.0,81.0,-18.7,9.5,6.8,> 20 %,-7.7,False,-11.6,1.558076759653157
E. Rechute (vacance remontée),Bagnols-sur-Cèze,30028,Gard,Occitanie,18248,82.0,71.0,66.0,68.0,64.0,-19.5,-3.0,-4.4,> 20 %,-7.0,False,-0.6,0.6551658800137458
E. Rechute (vacance remontée),Vierzon,18279,Cher,Centre-Val de Loire,25348,57.0,48.0,33.0,33.0,30.0,-42.1,-9.1,-13.6,> 20 %,-6.7,False,-7.4,1.5912873537892962
,Les Mureaux,78440,Yvelines,Île-de-France,33977,40.0,42.0,37.0,42.0,47.0,-7.5,27.0,7.5,15-20 %,,False,6.0,3.815809704114124
,Persan,95487,Val-d'Oise,Île-de-France,13996,9.0,14.0,10.0,10.0,12.0,11.1,20.0,12.5,5-10 %,,False,12.7,1.0334246488511034
,Agde,34003,Hérault,Occitanie,29103,13.0,18.0,17.0,25.0,20.0,30.8,17.6,6.1,5-10 %,,False,11.8,1.1071978700448182
,Sin-le-Noble,59569,Nord,Hauts-de-France,15603,15.0,16.0,13.0,13.0,15.0,-13.3,15.4,23.1,10-15 %,,False,-1.4,2.620897707948948
,Brétigny-sur-Orge,91103,Essonne,Île-de-France,27106,15.0,15.0,14.0,15.0,16.0,-6.7,14.3,11.5,10-15 %,,False,4.9,1.169049164782654
,Beaumont-sur-Oise,95052,Val-d'Oise,Île-de-France,9590,14.0,16.0,16.0,17.0,18.0,14.3,12.5,16.7,5-10 %,,False,-0.9,2.2250550869794488
,Évry-Courcouronnes,91228,Essonne,Île-de-France,66177,24.0,30.0,29.0,27.0,32.0,20.8,10.3,-2.8,> 20 %,,False,-1.3,0.3007499991493384
,Meulan-en-Yvelines,78401,Yvelines,Île-de-France,9041,32.0,34.0,30.0,32.0,33.0,-6.2,10.0,26.0,15-20 %,,False,-1.7,4.837580545758216
,Tonneins,47310,Lot-et-Garonne,Nouvelle-Aquitaine,9337,25.0,26.0,18.0,21.0,19.0,-28.0,5.6,-8.6,10-15 %,,False,2.7,0.5618378273281827
,Mende,48095,Lozère,Occitanie,12316,52.0,48.0,39.0,43.0,41.0,-25.0,5.1,6.8,15-20 %,,False,6.9,1.245505409881191
,Castelsarrasin,82033,Tarn-et-Garonne,Occitanie,14178,33.0,25.0,22.0,23.0,23.0,-33.3,4.5,-18.0,< 5 %,,False,2.7,2.374428518061116
,Corbeil-Essonnes,91174,Essonne,Île-de-France,52683,44.0,48.0,53.0,50.0,55.0,20.5,3.8,0.0,> 20 %,,False,6.0,3.526107985207825
,Vire Normandie,14762,Calvados,Normandie,17135,66.0,67.0,60.0,60.0,62.0,-9.1,3.3,1.9,5-10 %,,False,-5.1,1.0912171790887752
,Chalon-sur-Saône,71076,Saône-et-Loire,Bourgogne-Franche-Comté,45031,213.0,198.0,184.0,204.0,190.0,-13.6,3.3,4.2,10-15 %,,False,0.2,0.5720056293806303
,Montereau-Fault-Yonne,77305,Seine-et-Marne,Île-de-France,22259,49.0,44.0,37.0,40.0,38.0,-24.5,2.7,7.6,> 20 %,,False,19.4,0.8529229710974692
,Sartrouville,78586,Yvelines,Île-de-France,51220,53.0,51.0,46.0,44.0,47.0,-13.2,2.2,2.6,5-10 %,,False,-0.0,1.3506797849319134
,Foix,09122,Ariège,Occitanie,9472,50.0,51.0,48.0,56.0,49.0,-4.0,2.1,0.0,10-15 %,,False,-2.1,1.9871113263785447
,Meaux,77284,Seine-et-Marne,Île-de-France,55616,124.0,131.0,121.0,126.0,123.0,-2.4,1.7,1.9,15-20 %,,False,4.1,1.0302566545407807
,Fontainebleau,77186,Seine-et-Marne,Île-de-France,15945,135.0,131.0,123.0,137.0,125.0,-8.9,1.6,3.4,5-10 %,,False,8.6,13.200831610708269
,Roanne,42187,Loire,Auvergne-Rhône-Alpes,34762,158.0,151.0,138.0,139.0,140.0,-12.7,1.4,-2.3,10-15 %,,False,-2.2,3.1933595504318983
,Bayonne,64102,Pyrénées-Atlantiques,Nouvelle-Aquitaine,52749,268.0,273.0,256.0,260.0,259.0,-4.5,1.2,-6.1,5-10 %,,False,7.9,1.3068122697528506
,Montbrison,42147,Loire,Auvergne-Rhône-Alpes,16064,104.0,104.0,95.0,100.0,96.0,-8.7,1.1,6.1,10-15 %,,False,1.6,1.6824792872345309
,Bourg-de-Péage,26057,Drôme,Auvergne-Rhône-Alpes,9578,15.0,11.0,6.0,6.0,6.0,-60.0,0.0,4.8,10-15 %,,False,-3.5,1.5121547721592277
,Limay,78335,Yvelines,Île-de-France,17626,8.0,10.0,8.0,9.0,8.0,0.0,0.0,20.0,< 5 %,,False,6.0,0.9789202404869368
,Trappes,78621,Yvelines,Île-de-France,33717,30.0,29.0,31.0,32.0,31.0,3.3,0.0,27.3,,,False,4.9,2.5410958204708645
,Gien,45155,Loiret,Centre-Val de Loire,13387,3.0,2.0,2.0,2.0,2.0,-33.3,0.0,50.0,> 20 %,,False,-9.0,1.015396783476915
,Montceau-les-Mines,71306,Saône-et-Loire,Bourgogne-Franche-Comté,16831,76.0,67.0,65.0,64.0,65.0,-14.5,0.0,-7.8,15-20 %,,False,-8.8,0.5295462357813778
,Laon,02408,Aisne,Hauts-de-France,24021,19.0,17.0,14.0,15.0,14.0,-26.3,0.0,-16.2,5-10 %,,False,-4.7,1.5292393410853675
,Chinon,37072,Indre-et-Loire,Centre-Val de Loire,8052,29.0,20.0,21.0,20.0,21.0,-27.6,0.0,4.9,5-10 %,,False,-0.1,2.0487199826343256
,Figeac,46102,Lot,Occitanie,9770,48.0,47.0,43.0,41.0,43.0,-10.4,0.0,-2.4,10-15 %,,False,-0.4,1.4243832880721143
,Le Creusot,71153,Saône-et-Loire,Bourgogne-Franche-Comté,20731,22.0,18.0,15.0,17.0,15.0,-31.8,0.0,-10.7,> 20 %,-5.5,False,-4.2,0.1562319176395256
,Mâcon,71270,Saône-et-Loire,Bourgogne-Franche-Comté,34448,176.0,162.0,138.0,141.0,137.0,-21.6,-0.7,4.3,15-20 %,,False,2.9,1.877340066868424
,Grasse,06069,Alpes-Maritimes,Provence-Alpes-Côte d'Azur,48323,51.0,53.0,52.0,57.0,51.0,2.0,-1.9,-4.1,15-20 %,,True,-3.4,0.9909082669404636
,Nemours,77333,Seine-et-Marne,Île-de-France,13189,46.0,45.0,43.0,45.0,42.0,-6.5,-2.3,-1.4,> 20 %,,False,-0.7,1.3673507295960454
,Bressuire,79049,Deux-Sèvres,Nouvelle-Aquitaine,19906,50.0,48.0,43.0,48.0,42.0,-14.0,-2.3,-5.1,10-15 %,,False,2.9,0.5904264610604959
,Pontoise,95500,Val-d'Oise,Île-de-France,31327,37.0,42.0,42.0,44.0,41.0,13.5,-2.4,10.6,,,False,7.4,1.4016712429002405
,Argentan,61006,Orne,Normandie,13291,38.0,34.0,34.0,38.0,33.0,-10.5,-2.9,-1.7,15-20 %,,False,-4.1,0.8262400907618914
,Saint-Omer,62765,Pas-de-Calais,Hauts-de-France,14661,108.0,103.0,93.0,94.0,90.0,-13.9,-3.2,0.6,15-20 %,,False,4.4,1.781726038747088
,Vernon,27681,Eure,Normandie,24543,93.0,93.0,92.0,91.0,89.0,-1.1,-3.3,-6.2,10-15 %,,False,0.4,1.369498608262186
,Angoulême,16015,Charente,Nouvelle-Aquitaine,41086,133.0,130.0,116.0,111.0,112.0,-12.8,-3.4,-3.8,> 20 %,,False,-1.3,1.4399092983300734
,Digne-les-Bains,04070,Alpes-de-Haute-Provence,Provence-Alpes-Côte d'Azur,17192,61.0,63.0,58.0,52.0,56.0,-4.9,-3.4,2.9,15-20 %,,False,3.4,3.31154241600027
,Valenciennes,59606,Nord,Hauts-de-France,42991,283.0,261.0,236.0,236.0,227.0,-16.6,-3.8,0.5,,,False,-2.4,1.249813370495742
,Belfort,90010,Territoire de Belfort,Bourgogne-Franche-Comté,45155,51.0,54.0,50.0,49.0,48.0,-2.0,-4.0,-1.2,15-20 %,,False,-8.7,0.4550581177694245
,Valence,26362,Drôme,Auvergne-Rhône-Alpes,64483,271.0,275.0,243.0,231.0,233.0,-10.3,-4.1,-5.1,10-15 %,,False,3.7,1.7163371753641108
,Vitré,35360,Ille-et-Vilaine,Bretagne,18998,55.0,53.0,48.0,51.0,46.0,-12.7,-4.2,-4.8,10-15 %,,False,5.9,1.2660481401897623
,Verdun,55545,Meuse,Grand Est,16689,74.0,67.0,70.0,64.0,67.0,-5.4,-4.3,-5.0,10-15 %,,False,-8.2,0.7916558300886755
,Béthune,62119,Pas-de-Calais,Hauts-de-France,24992,119.0,123.0,112.0,114.0,107.0,-5.9,-4.5,-2.2,10-15 %,,False,-1.7,0.8953645542673301
,Agen,47001,Lot-et-Garonne,Nouvelle-Aquitaine,32485,150.0,143.0,132.0,133.0,126.0,-12.0,-4.5,-4.3,> 20 %,,False,-5.6,1.2200402517611284
,Montluçon,03185,Allier,Auvergne-Rhône-Alpes,33342,103.0,106.0,86.0,90.0,82.0,-16.5,-4.7,-12.9,15-20 %,,False,-9.3,0.6470770236696856
,Ambérieu-en-Bugey,01004,Ain,Auvergne-Rhône-Alpes,14854,20.0,20.0,21.0,21.0,20.0,5.0,-4.8,-8.8,< 5 %,,False,1.9,0.2265340068344022
,Pontivy,56178,Morbihan,Bretagne,14774,69.0,74.0,62.0,65.0,59.0,-10.1,-4.8,-6.4,10-15 %,,False,8.1,19.62232846284154
,Bastia,2B033,Haute-Corse,Corse,48768,165.0,168.0,167.0,168.0,159.0,1.2,-4.8,-5.5,,,False,11.5,4.025254812600958
,Voiron,38563,Isère,Auvergne-Rhône-Alpes,20891,77.0,80.0,84.0,87.0,80.0,9.1,-4.8,-5.6,10-15 %,,False,0.8,0.033828561244578
,Colmar,68066,Haut-Rhin,Grand Est,67730,343.0,360.0,368.0,348.0,350.0,7.3,-4.9,-2.0,10-15 %,,False,-0.7,1.3041545238113268
,Manosque,04112,Alpes-de-Haute-Provence,Provence-Alpes-Côte d'Azur,22926,88.0,86.0,81.0,78.0,77.0,-8.0,-4.9,-3.5,10-15 %,,False,4.9,1.5742652938253232
,Bar-le-Duc,55029,Meuse,Grand Est,14668,71.0,66.0,61.0,60.0,58.0,-14.1,-4.9,-3.0,15-20 %,,False,-6.9,2.500576028322515
,Villeneuve-sur-Lot,47323,Lot-et-Garonne,Nouvelle-Aquitaine,21629,92.0,82.0,61.0,65.0,58.0,-33.7,-4.9,-15.3,> 20 %,,False,-6.8,1.1504660452405302
,Rumilly,74225,Haute-Savoie,Auvergne-Rhône-Alpes,15998,24.0,21.0,20.0,23.0,19.0,-16.7,-5.0,-8.3,5-10 %,,False,7.5,1.01973356401825
,Arles,13004,Bouches-du-Rhône,Provence-Alpes-Côte d'Azur,50415,151.0,145.0,136.0,131.0,129.0,-9.9,-5.1,3.9,10-15 %,,False,-3.3,1.040498330940932
,Saint-Dié-des-Vosges,88413,Vosges,Grand Est,19319,72.0,77.0,79.0,78.0,75.0,9.7,-5.1,-7.8,10-15 %,,False,-4.1,0.502782774154327
,Ajaccio,2A004,Corse-du-Sud,Corse,73822,262.0,263.0,264.0,249.0,250.0,0.8,-5.3,-2.4,,,False,5.9,2.4823458745143427
,Bourg-en-Bresse,01053,Ain,Auvergne-Rhône-Alpes,41525,168.0,163.0,149.0,155.0,141.0,-11.3,-5.4,-9.9,15-20 %,,False,1.7,0.3332242165305375
,Pithiviers,45252,Loiret,Centre-Val de Loire,9094,45.0,43.0,37.0,36.0,35.0,-17.8,-5.4,-3.5,15-20 %,,True,0.1,1.1818154956300908
,Aurillac,15014,Cantal,Auvergne-Rhône-Alpes,25815,140.0,140.0,128.0,126.0,121.0,-8.6,-5.5,-7.4,15-20 %,,False,-1.7,1.6530001868051072
,Tarare,69243,Rhône,Auvergne-Rhône-Alpes,10428,53.0,62.0,54.0,52.0,51.0,1.9,-5.6,-7.3,10-15 %,,False,-2.2,15.408151998330792
,Troyes,10387,Aube,Grand Est,62782,221.0,223.0,214.0,198.0,202.0,-3.2,-5.6,-6.9,10-15 %,,False,3.0,1.9925790018370528
,Lorient,56121,Morbihan,Bretagne,57846,272.0,266.0,258.0,263.0,243.0,-5.1,-5.8,-4.9,10-15 %,,False,-0.4,1.755945228437748
,Arpajon,91021,Essonne,Île-de-France,11281,78.0,63.0,64.0,66.0,60.0,-17.9,-6.2,-11.7,10-15 %,,False,5.5,3.635411807946777
,Le Puy-en-Velay,43157,Haute-Loire,Auvergne-Rhône-Alpes,18629,159.0,154.0,142.0,134.0,133.0,-10.7,-6.3,-8.9,15-20 %,,False,1.7,1.7260084135907685
,Annemasse,74012,Haute-Savoie,Auvergne-Rhône-Alpes,37918,154.0,165.0,158.0,156.0,148.0,2.6,-6.3,-7.0,10-15 %,,False,7.2,1.3407513589301767
,Revel,31451,Haute-Garonne,Occitanie,9665,38.0,32.0,31.0,27.0,29.0,-18.4,-6.5,-2.9,5-10 %,,False,2.8,15.068218893908607
,Limoges,87085,Haute-Vienne,Nouvelle-Aquitaine,129760,305.0,278.0,263.0,266.0,245.0,-13.8,-6.8,-3.8,15-20 %,,False,-3.0,1.4124465965884954
,Saint-Nazaire,44184,Loire-Atlantique,Pays de la Loire,72057,159.0,140.0,133.0,135.0,124.0,-16.4,-6.8,-5.3,15-20 %,,False,3.7,1.9162242072194184
,Bourges,18033,Cher,Centre-Val de Loire,63702,182.0,165.0,144.0,142.0,134.0,-20.9,-6.9,-10.5,> 20 %,,False,-3.3,1.850786959886784
,Vichy,03310,Allier,Auvergne-Rhône-Alpes,25789,126.0,125.0,129.0,121.0,120.0,2.4,-7.0,-2.6,10-15 %,,False,0.4,1.1296050443788066
,Senlis,60612,Oise,Hauts-de-France,15255,46.0,45.0,41.0,43.0,38.0,-10.9,-7.3,2.5,5-10 %,,False,-1.1,1.5429334093321438
,Nogent-le-Rotrou,28280,Eure-et-Loir,Centre-Val de Loire,9341,52.0,44.0,41.0,41.0,38.0,-21.2,-7.3,-2.9,10-15 %,,False,-6.9,1.4915297225162754
,Cherbourg-en-Cotentin,50129,Manche,Normandie,77808,212.0,187.0,178.0,175.0,165.0,-16.0,-7.3,-6.3,10-15 %,,False,-3.9,0.7537349458469255
,Étampes,91223,Essonne,Île-de-France,26529,50.0,57.0,54.0,57.0,50.0,8.0,-7.4,-8.9,10-15 %,,False,7.1,0.3250664116919953
,Saint-Quentin,02691,Aisne,Hauts-de-France,52958,165.0,159.0,147.0,152.0,136.0,-10.9,-7.5,-15.8,> 20 %,,False,-5.0,1.6469678413593751
,Guéret,23096,Creuse,Nouvelle-Aquitaine,12840,50.0,41.0,39.0,37.0,36.0,-22.0,-7.7,-7.0,15-20 %,,True,-4.8,45.55681605988878
,Tarascon,13108,Bouches-du-Rhône,Provence-Alpes-Côte d'Azur,15423,33.0,31.0,26.0,22.0,24.0,-21.2,-7.7,-12.9,10-15 %,,False,6.3,3.108530017682275
,Châteaudun,28088,Eure-et-Loir,Centre-Val de Loire,12909,48.0,43.0,39.0,41.0,36.0,-18.8,-7.7,-4.9,10-15 %,,False,-2.4,34.89864101828405
,Haguenau,67180,Bas-Rhin,Grand Est,35715,122.0,133.0,129.0,127.0,119.0,5.7,-7.8,6.5,10-15 %,,False,2.0,1.843136923938439
,Montélimar,26198,Drôme,Auvergne-Rhône-Alpes,40399,130.0,132.0,114.0,116.0,105.0,-12.3,-7.9,1.3,15-20 %,-4.7,False,7.0,1.1223848713988562
,Lannion,22113,Côtes-d'Armor,Bretagne,20344,101.0,91.0,75.0,77.0,69.0,-25.7,-8.0,-9.2,10-15 %,,False,2.9,0.9972044018963844
,Poitiers,86194,Vienne,Nouvelle-Aquitaine,90240,233.0,202.0,199.0,185.0,183.0,-14.6,-8.0,-1.8,10-15 %,,False,3.0,1.75746847478992
,Mantes-la-Jolie,78361,Yvelines,Île-de-France,44539,130.0,124.0,124.0,120.0,114.0,-4.6,-8.1,-5.0,> 20 %,,False,-2.3,1.798685006085531
,Pau,64445,Pyrénées-Atlantiques,Nouvelle-Aquitaine,77066,332.0,305.0,266.0,249.0,244.0,-19.9,-8.3,-6.8,10-15 %,,False,-2.4,1.6165691207658837
,Montargis,45208,Loiret,Centre-Val de Loire,15061,118.0,117.0,106.0,103.0,97.0,-10.2,-8.5,-13.9,> 20 %,,False,5.3,1.065702696342842
,Perpignan,66136,Pyrénées-Orientales,Occitanie,119656,328.0,289.0,283.0,275.0,259.0,-13.7,-8.5,-5.6,15-20 %,,False,-2.1,1.4078744605585716
,Hazebrouck,59295,Nord,Hauts-de-France,21498,76.0,74.0,68.0,64.0,62.0,-10.5,-8.8,4.6,5-10 %,,False,-1.1,0.6237427833320109
,Épernay,51230,Marne,Grand Est,22001,130.0,122.0,112.0,103.0,102.0,-13.8,-8.9,-6.5,5-10 %,,False,-3.5,1.917115766312249
,Auxerre,89024,Yonne,Bourgogne-Franche-Comté,34778,141.0,114.0,101.0,99.0,92.0,-28.4,-8.9,-13.2,15-20 %,,False,-2.0,1.647118587645184
,Quimper,29232,Finistère,Bretagne,63642,268.0,238.0,213.0,210.0,194.0,-20.5,-8.9,-8.7,10-15 %,,False,-0.1,1.0774430032725022
,Dunkerque,59183,Nord,Hauts-de-France,86788,220.0,219.0,221.0,220.0,201.0,0.5,-9.0,-0.6,10-15 %,,False,-2.9,1.9678030534875297
,Carpentras,84031,Vaucluse,Provence-Alpes-Côte d'Azur,30769,107.0,114.0,87.0,82.0,79.0,-18.7,-9.2,-7.6,15-20 %,,False,5.0,0.6192669187322244
,Compiègne,60159,Oise,Hauts-de-France,40394,148.0,168.0,161.0,160.0,146.0,8.8,-9.3,-6.4,5-10 %,,False,-0.7,1.3038523975179357
,Riom,63300,Puy-de-Dôme,Auvergne-Rhône-Alpes,18736,72.0,67.0,54.0,47.0,49.0,-25.0,-9.3,-8.3,10-15 %,,False,-0.1,8.670860060255176
,Dieppe,76217,Seine-Maritime,Normandie,28358,150.0,150.0,139.0,144.0,126.0,-7.3,-9.4,-6.8,10-15 %,,False,-6.6,1.247118038703202
,Boulogne-sur-Mer,62160,Pas-de-Calais,Hauts-de-France,40910,54.0,50.0,42.0,39.0,38.0,-22.2,-9.5,-6.2,> 20 %,,False,-4.4,1.8413412825857725
,Guebwiller,68112,Haut-Rhin,Grand Est,11137,62.0,62.0,61.0,62.0,55.0,-1.6,-9.8,-15.5,10-15 %,,False,-2.7,2.192627758161647
,Nevers,58194,Nièvre,Bourgogne-Franche-Comté,32830,112.0,106.0,90.0,87.0,81.0,-19.6,-10.0,-11.7,> 20 %,,False,-6.4,0.6243297468541961
,Annonay,07010,Ardèche,Auvergne-Rhône-Alpes,16873,72.0,56.0,50.0,45.0,45.0,-30.6,-10.0,-15.6,> 20 %,,False,0.3,2.082968713636768
,Besançon,25056,Doubs,Bourgogne-Franche-Comté,119198,314.0,323.0,299.0,290.0,269.0,-4.8,-10.0,-9.9,5-10 %,,False,1.3,2.806234450100447
,Sedan,08409,Ardennes,Grand Est,16608,56.0,52.0,40.0,41.0,36.0,-28.6,-10.0,-9.5,15-20 %,,True,-8.1,16.093737905161003
,Soissons,02722,Aisne,Hauts-de-France,28705,75.0,66.0,70.0,64.0,63.0,-6.7,-10.0,-8.8,10-15 %,,False,2.1,1.4144548977295528
,Montauban,82121,Tarn-et-Garonne,Occitanie,61919,178.0,154.0,144.0,138.0,129.0,-19.1,-10.4,3.7,10-15 %,,False,4.8,0.8213730893055625
,Maubeuge,59392,Nord,Hauts-de-France,29066,24.0,23.0,19.0,15.0,17.0,-20.8,-10.5,7.7,10-15 %,,False,-2.4,0.4478088623696593
,Lons-le-Saunier,39300,Jura,Bourgogne-Franche-Comté,17043,31.0,27.0,28.0,28.0,25.0,-9.7,-10.7,0.0,10-15 %,,False,-1.3,1.329975772913556
,Issoire,63178,Puy-de-Dôme,Auvergne-Rhône-Alpes,15014,66.0,68.0,65.0,57.0,58.0,-1.5,-10.8,-5.0,5-10 %,,False,4.9,0.6121831377109973
,Châteauroux,36044,Indre,Centre-Val de Loire,42968,135.0,126.0,120.0,112.0,107.0,-11.1,-10.8,-3.3,15-20 %,,False,-2.6,0.5836566265050578
,Narbonne,11262,Aude,Occitanie,56395,213.0,194.0,186.0,182.0,166.0,-12.7,-10.8,-11.1,10-15 %,,False,6.2,1.6536288189975274
,Sarreguemines,57631,Moselle,Grand Est,20624,126.0,130.0,109.0,102.0,97.0,-13.5,-11.0,1.2,15-20 %,,False,-4.2,1.283168328286585
,Dreux,28134,Eure-et-Loir,Centre-Val de Loire,30879,77.0,64.0,72.0,70.0,64.0,-6.5,-11.1,-1.5,10-15 %,,False,-1.4,1.314344490763098
,Cambrai,59122,Nord,Hauts-de-France,31425,159.0,161.0,151.0,152.0,134.0,-5.0,-11.3,-8.6,10-15 %,,False,-4.1,0.7483704003914755
,Châlons-en-Champagne,51108,Marne,Grand Est,43877,109.0,102.0,95.0,90.0,84.0,-12.8,-11.6,-7.0,10-15 %,,False,-1.5,1.7864385960741738
,Fougères,35115,Ille-et-Vilaine,Bretagne,20653,76.0,67.0,60.0,63.0,53.0,-21.1,-11.7,7.8,10-15 %,,False,1.6,1.2889096135970366
,Saint-Lô,50502,Manche,Normandie,19373,100.0,98.0,94.0,86.0,83.0,-6.0,-11.7,-7.2,5-10 %,,False,-1.1,3.061325930297074
,Libourne,33243,Gironde,Nouvelle-Aquitaine,24557,110.0,89.0,93.0,90.0,82.0,-15.5,-11.8,-9.8,10-15 %,,False,-0.7,1.2224122664266164
,Bergerac,24037,Dordogne,Nouvelle-Aquitaine,26323,117.0,113.0,108.0,106.0,95.0,-7.7,-12.0,-10.5,10-15 %,,False,-5.1,1.6260186774448178
,Montbéliard,25388,Doubs,Bourgogne-Franche-Comté,25573,124.0,118.0,108.0,103.0,95.0,-12.9,-12.0,-9.6,5-10 %,,False,0.8,1.1865801239634903
,Saint-Malo,35288,Ille-et-Vilaine,Bretagne,47323,128.0,138.0,138.0,129.0,121.0,7.8,-12.3,-10.5,< 5 %,,False,2.2,3.5049683737846387
,Romans-sur-Isère,26281,Drôme,Auvergne-Rhône-Alpes,32911,188.0,188.0,179.0,161.0,157.0,-4.8,-12.3,-2.9,10-15 %,,False,-1.6,1.5362978389100062
,Arpajon-sur-Cère,15012,Cantal,Auvergne-Rhône-Alpes,6315,6.0,7.0,8.0,5.0,7.0,33.3,-12.5,7.7,15-20 %,,False,1.3,1.1196049252459075
,Avignon,84007,Vaucluse,Provence-Alpes-Côte d'Azur,90330,328.0,332.0,318.0,297.0,278.0,-3.0,-12.6,-6.0,10-15 %,,False,-1.7,1.0669768618309912
,Niort,79191,Deux-Sèvres,Nouvelle-Aquitaine,59309,168.0,155.0,156.0,165.0,136.0,-7.1,-12.8,-9.3,10-15 %,,False,1.1,2.5854360680041326
,Saint-Brieuc,22278,Côtes-d'Armor,Bretagne,44224,198.0,155.0,132.0,121.0,115.0,-33.3,-12.9,-12.6,> 20 %,,False,-2.3,1.6230510893604928
,Melun,77288,Seine-et-Marne,Île-de-France,42367,128.0,122.0,114.0,103.0,99.0,-10.9,-13.2,-4.1,> 20 %,,False,4.0,2.4167868315029786
,Chambéry,73065,Savoie,Auvergne-Rhône-Alpes,59856,261.0,264.0,258.0,236.0,224.0,-1.1,-13.2,-14.9,10-15 %,,False,-0.5,1.7296402618087028
,Arras,62041,Pas-de-Calais,Hauts-de-France,42600,113.0,109.0,106.0,108.0,92.0,-6.2,-13.2,-3.4,10-15 %,,False,3.3,2.56015082241515
,La Roche-sur-Yon,85191,Vendée,Pays de la Loire,54952,127.0,115.0,112.0,100.0,97.0,-11.8,-13.4,-8.7,10-15 %,,False,3.9,1.5105005106714071
,Millau,12145,Aveyron,Occitanie,21712,105.0,113.0,110.0,103.0,95.0,4.8,-13.6,-16.1,15-20 %,,False,-2.6,1.5383598196616726
,Vienne,38544,Isère,Auvergne-Rhône-Alpes,31051,132.0,126.0,132.0,125.0,114.0,0.0,-13.6,-5.1,5-10 %,,False,3.3,6.715408989119825
,Alès,30007,Gard,Occitanie,43892,159.0,166.0,154.0,154.0,133.0,-3.1,-13.6,-10.3,15-20 %,,False,7.2,1.7344862027536918
,Laval,53130,Mayenne,Pays de la Loire,49657,139.0,127.0,117.0,109.0,101.0,-15.8,-13.7,-8.3,10-15 %,,False,-0.9,1.323289083361686
,Lourdes,65286,Hautes-Pyrénées,Occitanie,13509,67.0,66.0,58.0,56.0,50.0,-13.4,-13.8,-8.9,> 20 %,,False,-7.8,1.4756981707371366
,Brignoles,83023,Var,Provence-Alpes-Côte d'Azur,17664,51.0,37.0,29.0,26.0,25.0,-43.1,-13.8,9.1,< 5 %,,False,5.8,0.5895736435517238
,Morlaix,29151,Finistère,Bretagne,14903,101.0,91.0,79.0,70.0,68.0,-21.8,-13.9,-7.2,15-20 %,,False,-0.9,1.4136805433247783
,Sarrebourg,57630,Moselle,Grand Est,12359,75.0,71.0,64.0,63.0,55.0,-14.7,-14.1,-8.3,10-15 %,,False,-0.7,0.6968599776304327
,Blois,41018,Loir-et-Cher,Centre-Val de Loire,46813,150.0,120.0,125.0,121.0,107.0,-16.7,-14.4,-3.0,10-15 %,,False,0.7,2.834378128029861
,Périgueux,24322,Dordogne,Nouvelle-Aquitaine,29516,178.0,163.0,159.0,150.0,136.0,-10.7,-14.5,-14.2,10-15 %,,False,-2.7,2.877819082514493
,Lunel,34145,Hérault,Occitanie,26185,48.0,51.0,54.0,51.0,46.0,12.5,-14.8,2.5,5-10 %,,False,6.0,1.0154565295456022
,Fécamp,76259,Seine-Maritime,Normandie,18016,95.0,84.0,87.0,78.0,74.0,-8.4,-14.9,-3.4,10-15 %,,False,-6.7,2.829354328470794
,Issoudun,36088,Indre,Centre-Val de Loire,10992,27.0,22.0,20.0,24.0,17.0,-25.9,-15.0,-5.4,10-15 %,,False,-7.8,0.521215789270434
,Cavaillon,84035,Vaucluse,Provence-Alpes-Côte d'Azur,25923,101.0,96.0,93.0,82.0,79.0,-7.9,-15.1,-12.5,15-20 %,,True,-1.4,0.5280647440394993
,Évreux,27229,Eure,Normandie,47289,146.0,146.0,149.0,138.0,126.0,2.1,-15.4,-12.8,15-20 %,,False,-5.2,1.0888522039395971
,Fontenay-le-Comte,85092,Vendée,Pays de la Loire,13471,59.0,48.0,45.0,39.0,38.0,-23.7,-15.6,-14.3,5-10 %,,False,-3.5,1.052775033494269
,Tarbes,65440,Hautes-Pyrénées,Occitanie,43955,210.0,190.0,179.0,167.0,151.0,-14.8,-15.6,-12.2,15-20 %,,False,5.0,1.136745665402312
,Chartres,28085,Eure-et-Loir,Centre-Val de Loire,38447,180.0,186.0,180.0,164.0,152.0,0.0,-15.6,-8.0,10-15 %,,False,-0.7,1.943236197098584
,Rodez,12202,Aveyron,Occitanie,24207,169.0,160.0,152.0,149.0,128.0,-10.1,-15.8,-10.8,10-15 %,,False,1.3,1.9013468128181945
,Coulommiers,77131,Seine-et-Marne,Île-de-France,15250,82.0,88.0,76.0,75.0,64.0,-7.3,-15.8,-15.6,15-20 %,,False,0.4,0.7550111787263369
,Abbeville,80001,Somme,Hauts-de-France,22595,116.0,105.0,107.0,94.0,90.0,-7.8,-15.9,-15.1,10-15 %,,False,-2.8,1.1253222043232085
,Aubenas,07019,Ardèche,Auvergne-Rhône-Alpes,12360,84.0,76.0,79.0,70.0,66.0,-6.0,-16.5,-7.5,15-20 %,,False,4.1,0.8578480161669089
,Toul,54528,Meurthe-et-Moselle,Grand Est,15849,38.0,37.0,30.0,27.0,25.0,-21.1,-16.7,-9.8,10-15 %,,False,-0.7,1.5294098892161407
,Alençon,61001,Orne,Normandie,25555,88.0,83.0,72.0,67.0,60.0,-18.2,-16.7,-10.4,> 20 %,,False,-1.1,1.1156219766419777
,Beauvais,60057,Oise,Hauts-de-France,56677,149.0,181.0,167.0,147.0,139.0,12.1,-16.8,-1.5,15-20 %,,False,3.9,0.5565648737298757
,Chaumont,52121,Haute-Marne,Grand Est,21699,88.0,96.0,89.0,82.0,74.0,1.1,-16.9,-5.6,15-20 %,,False,-4.0,0.6030507020063773
,Moulins,03190,Allier,Auvergne-Rhône-Alpes,19343,131.0,117.0,105.0,111.0,87.0,-19.8,-17.1,-8.7,15-20 %,,False,-1.6,1.7396128999842502
,Bruay-la-Buissière,62178,Pas-de-Calais,Hauts-de-France,21827,33.0,31.0,23.0,19.0,19.0,-30.3,-17.4,-6.8,10-15 %,,False,-2.8,2.0184213731655856
,Thionville,57672,Moselle,Grand Est,42163,186.0,170.0,136.0,112.0,112.0,-26.9,-17.6,-8.7,10-15 %,,False,0.7,1.1047330914158526
,Charleville-Mézières,08105,Ardennes,Grand Est,46398,17.0,19.0,17.0,15.0,14.0,0.0,-17.6,12.9,10-15 %,,False,-4.6,1.6086809466988423
,Cahors,46042,Lot,Occitanie,20141,122.0,116.0,105.0,102.0,86.0,-13.9,-18.1,-7.8,15-20 %,,False,2.7,1.862461845464077
,Gonesse,95277,Val-d'Oise,Île-de-France,25963,11.0,10.0,11.0,10.0,9.0,0.0,-18.2,-8.3,> 20 %,,False,-0.6,0.5858438432002518
,Sablé-sur-Sarthe,72264,Sarthe,Pays de la Loire,12096,43.0,36.0,33.0,31.0,27.0,-23.3,-18.2,-14.0,> 20 %,,False,-3.1,1.683917903952066
,Douai,59178,Nord,Hauts-de-France,39648,150.0,135.0,125.0,112.0,102.0,-16.7,-18.4,-7.5,,,False,-2.2,1.4014515407094932
,Saumur,49328,Maine-et-Loire,Pays de la Loire,26215,100.0,96.0,100.0,96.0,81.0,0.0,-19.0,-10.8,5-10 %,,False,-4.2,1.005289331631706
,Dax,40088,Landes,Nouvelle-Aquitaine,21347,149.0,138.0,119.0,101.0,96.0,-20.1,-19.3,-16.0,15-20 %,,False,2.7,0.4527986876298965
,Oyonnax,01283,Ain,Auvergne-Rhône-Alpes,22277,63.0,63.0,61.0,60.0,49.0,-3.2,-19.7,-15.3,15-20 %,,False,-1.0,0.6923842497816483
,Lens,62498,Pas-de-Calais,Hauts-de-France,32618,151.0,147.0,121.0,114.0,97.0,-19.9,-19.8,-18.4,5-10 %,,False,3.4,1.710604504060777
,Châteaubriant,44036,Loire-Atlantique,Pays de la Loire,12189,50.0,50.0,35.0,34.0,28.0,-30.0,-20.0,0.0,10-15 %,,False,1.0,0.8584541569862698
,Châtellerault,86066,Vienne,Nouvelle-Aquitaine,31284,99.0,83.0,75.0,66.0,60.0,-24.2,-20.0,-7.4,> 20 %,,False,-0.5,1.0757646366635265
,Albi,81004,Tarn,Occitanie,49714,194.0,192.0,172.0,160.0,137.0,-11.3,-20.3,-16.4,10-15 %,,False,-0.9,1.7550173238880848
,Castres,81065,Tarn,Occitanie,42672,148.0,139.0,123.0,111.0,98.0,-16.9,-20.3,-12.9,15-20 %,,False,2.4,1.9520172640603264
,Forbach,57227,Moselle,Grand Est,21130,86.0,78.0,58.0,51.0,46.0,-32.6,-20.7,-2.1,> 20 %,,False,-1.1,1.2090177334108398
,Carcassonne,11069,Aude,Occitanie,46218,161.0,143.0,125.0,113.0,99.0,-22.4,-20.8,-11.4,15-20 %,,False,1.6,2.133297157417481
,Sens,89387,Yonne,Bourgogne-Franche-Comté,27034,109.0,91.0,80.0,80.0,63.0,-26.6,-21.3,-16.2,15-20 %,,False,5.3,0.793256225836344
,Saintes,17415,Charente-Maritime,Nouvelle-Aquitaine,25518,96.0,92.0,89.0,78.0,70.0,-7.3,-21.3,-9.5,10-15 %,,False,1.0,0.624072301157544
,Liévin,62510,Pas-de-Calais,Hauts-de-France,30149,22.0,19.0,14.0,11.0,11.0,-36.4,-21.4,-3.6,5-10 %,,False,-4.7,0.2848801851914359
,Saint-Avold,57606,Moselle,Grand Est,15045,84.0,85.0,62.0,55.0,48.0,-26.2,-22.6,-9.3,> 20 %,,False,-4.4,0.5231219233686333
,Cosne-Cours-sur-Loire,58086,Nièvre,Bourgogne-Franche-Comté,9437,41.0,43.0,44.0,37.0,34.0,7.3,-22.7,-6.9,10-15 %,,False,-10.8,2.097685948229418
,Tulle,19272,Corrèze,Nouvelle-Aquitaine,13992,37.0,33.0,35.0,30.0,27.0,-5.4,-22.9,-30.0,> 20 %,,False,-0.1,0.7329036451860632
,Cognac,16102,Charente,Nouvelle-Aquitaine,18448,78.0,67.0,60.0,59.0,46.0,-23.1,-23.3,-22.1,10-15 %,,False,-0.6,1.52411656982022
,Autun,71014,Saône-et-Loire,Bourgogne-Franche-Comté,13145,84.0,75.0,68.0,62.0,51.0,-19.0,-25.0,-22.0,15-20 %,,False,-5.4,0.6242572202496051
,Château-Thierry,02168,Aisne,Hauts-de-France,15204,52.0,46.0,49.0,41.0,36.0,-5.8,-26.5,-12.2,10-15 %,,False,5.2,0.9414793187153462
,Brive-la-Gaillarde,19031,Corrèze,Nouvelle-Aquitaine,46599,192.0,181.0,184.0,165.0,135.0,-4.2,-26.6,-8.2,10-15 %,,False,-2.2,0.7313755438569577
,Auch,32013,Gers,Occitanie,23041,56.0,49.0,44.0,39.0,32.0,-21.4,-27.3,-1.1,15-20 %,,False,3.3,1.599465480817769
,Villefranche-de-Rouergue,12300,Aveyron,Occitanie,11720,68.0,61.0,49.0,46.0,35.0,-27.9,-28.6,-18.3,> 20 %,,False,-1.2,1.2279720719596146
,Saint-Gaudens,31483,Haute-Garonne,Occitanie,11613,99.0,79.0,74.0,63.0,52.0,-25.3,-29.7,-20.9,> 20 %,,False,3.6,2.894331549300841
,Pamiers,09225,Ariège,Occitanie,16394,41.0,41.0,33.0,28.0,23.0,-19.5,-30.3,-26.9,> 20 %,,False,2.7,1.608396676082207
,Mont-de-Marsan,40192,Landes,Nouvelle-Aquitaine,30674,135.0,120.0,98.0,84.0,67.0,-27.4,-31.6,-12.8,15-20 %,-5.2,False,-3.4,1.3728779192342546
,Saint-Michel-sur-Orge,91570,Essonne,Île-de-France,21437,3.0,5.0,6.0,4.0,4.0,100.0,-33.3,0.0,,,False,7.0,0.6690092382273839
,Bourgoin-Jallieu,38053,Isère,Auvergne-Rhône-Alpes,29577,12.0,14.0,18.0,11.0,12.0,50.0,-33.3,-20.0,10-15 %,,False,7.4,0.241471619862798
,Longwy,54323,Meurthe-et-Moselle,Grand Est,15191,20.0,13.0,12.0,12.0,8.0,-40.0,-33.3,-6.2,10-15 %,,False,5.8,1.083880162353701
,Briançon,05023,Hautes-Alpes,Provence-Alpes-Côte d'Azur,10561,21.0,23.0,21.0,16.0,14.0,0.0,-33.3,-31.9,10-15 %,,False,-13.0,2.0529639879614243
,Thiers,63430,Puy-de-Dôme,Auvergne-Rhône-Alpes,11633,18.0,13.0,12.0,10.0,8.0,-33.3,-33.3,-30.2,10-15 %,,False,-1.0,3.416588112124378
,Marmande,47157,Lot-et-Garonne,Nouvelle-Aquitaine,17239,99.0,94.0,73.0,60.0,44.0,-26.3,-39.7,-24.2,15-20 %,-4.8,False,-2.7,1.4621925632098622
,Flers,61169,Orne,Normandie,14482,12.0,15.0,15.0,12.0,8.0,25.0,-46.7,-16.7,10-15 %,,False,-1.0,0.9932047858765152
,Avon,77014,Seine-et-Marne,Île-de-France,13660,3.0,3.0,2.0,3.0,1.0,-33.3,-50.0,60.0,5-10 %,,False,-2.8,13.54240414066378
