lib_com,insee_com,Nom Officiel Région,POPULATION,vacance_commerciale_2025,vacance_logement_2025,ventes_immo_tendance_2018_2023,reinventons_statut,territoire_pilote_sobriete_fonciere,accompagnement_cerema_transition,design_actif,fonciere,mcv2030,resultats,mobilisation,score
Bourgoin-Jallieu,38053,Auvergne-Rhône-Alpes,29577.0,10-15 %,< 3 %,hausse,laureat,,True,accompagnee,False,False,4.0,3,7.0
Laval,53130,Pays de la Loire,49657.0,10-15 %,< 3 %,hausse,laureat,2022.0,False,,True,False,4.0,3,7.0
Pau,64445,Nouvelle-Aquitaine,77066.0,10-15 %,3-4 %,hausse,laureat,,True,accompagnee,True,False,3.0,4,7.0
Frontignan,34108,Occitanie,23808.0,< 5 %,< 3 %,hausse,,,False,,False,False,6.0,0,6.0
Agde,34003,Occitanie,29103.0,5-10 %,< 3 %,hausse,,,False,accompagnee,False,False,5.0,1,6.0
Limay,78335,Île-de-France,17626.0,< 5 %,< 3 %,,,,True,,False,False,5.0,1,6.0
Saint-Malo,35288,Bretagne,47323.0,< 5 %,< 3 %,baisse,,,False,accompagnee,False,False,5.0,1,6.0
Bressuire,79049,Nouvelle-Aquitaine,19906.0,10-15 %,< 3 %,hausse,,,True,accompagnee,False,False,4.0,2,6.0
Revel,31451,Occitanie,9665.0,5-10 %,3-4 %,hausse,laureat,,False,accompagnee,False,False,4.0,2,6.0
Chambéry,73065,Auvergne-Rhône-Alpes,59856.0,10-15 %,< 3 %,hausse,infructueux,,False,accompagnee,True,False,4.0,2,6.0
Lorient,56121,Bretagne,57846.0,10-15 %,< 3 %,hausse,,2022.0,True,,False,False,4.0,2,6.0
Poitiers,86194,Nouvelle-Aquitaine,90240.0,10-15 %,3-4 %,baisse,,2020.0,True,accompagnee,True,False,2.0,4,6.0
Senlis,60612,Hauts-de-France,15255.0,5-10 %,< 3 %,hausse,,,False,,False,False,5.0,0,5.0
Poissy,78498,Île-de-France,40016.0,5-10 %,< 3 %,,,,True,,False,False,4.0,1,5.0
Sète,34301,Occitanie,44712.0,5-10 %,3-4 %,hausse,,2020.0,False,,False,False,4.0,1,5.0
Compiègne,60159,Hauts-de-France,40394.0,5-10 %,3-4 %,hausse,,,False,accompagnee,False,False,4.0,1,5.0
La Roche-sur-Yon,85191,Pays de la Loire,54952.0,10-15 %,< 3 %,hausse,,,False,,True,False,4.0,1,5.0
Lannion,22113,Bretagne,20344.0,10-15 %,< 3 %,hausse,sans_aap,,True,,False,False,4.0,1,5.0
Saint-Lô,50502,Normandie,19373.0,5-10 %,3-4 %,hausse,laureat,,False,,False,False,4.0,1,5.0
Brignoles,83023,Provence-Alpes-Côte d'Azur,17664.0,< 5 %,5-7 %,hausse,preparation,,False,,True,False,4.0,1,5.0
Draguignan,83050,Provence-Alpes-Côte d'Azur,39745.0,10-15 %,3-4 %,hausse,laureat,2020.0,False,,False,False,3.0,2,5.0
Privas,07186,Auvergne-Rhône-Alpes,8541.0,5-10 %,> 7 %,hausse,,,True,accompagnee,False,False,3.0,2,5.0
Valence,26362,Auvergne-Rhône-Alpes,64483.0,10-15 %,3-4 %,hausse,,,True,,True,False,3.0,2,5.0
Vitré,35360,Bretagne,18998.0,10-15 %,< 3 %,baisse,,,True,accompagnee,False,False,3.0,2,5.0
Dunkerque,59183,Hauts-de-France,86788.0,10-15 %,3-4 %,hausse,laureat,,False,,True,False,3.0,2,5.0
Cosne-Cours-sur-Loire,58086,Bourgogne-Franche-Comté,9437.0,10-15 %,> 7 %,hausse,preparation,,True,accompagnee,False,True,2.0,3,5.0
Maubeuge,59392,Hauts-de-France,29066.0,10-15 %,5-7 %,hausse,,2020.0,True,accompagnee,False,False,2.0,3,5.0
Niort,79191,Nouvelle-Aquitaine,59309.0,10-15 %,3-4 %,baisse,,,True,accompagnee,True,False,2.0,3,5.0
Douai,59178,Hauts-de-France,39648.0,,5-7 %,hausse,laureat,,True,,True,True,1.0,4,5.0
Cholet,49099,Pays de la Loire,53936.0,10-15 %,< 3 %,hausse,infructueux,,False,,False,False,4.0,0,4.0
Bayonne,64102,Nouvelle-Aquitaine,52749.0,5-10 %,< 3 %,baisse,,,False,,False,False,4.0,0,4.0
Besançon,25056,Bourgogne-Franche-Comté,119198.0,5-10 %,3-4 %,hausse,,,False,,False,False,4.0,0,4.0
Vannes,56260,Bretagne,54420.0,5-10 %,< 3 %,baisse,,,False,,False,False,4.0,0,4.0
Voiron,38563,Auvergne-Rhône-Alpes,20891.0,10-15 %,< 3 %,hausse,,,False,,False,False,4.0,0,4.0
Ambérieu-en-Bugey,01004,Auvergne-Rhône-Alpes,14854.0,< 5 %,3-4 %,baisse,preparation,,False,,False,False,4.0,0,4.0
Avon,77014,Île-de-France,13660.0,5-10 %,< 3 %,,,,False,,False,False,4.0,0,4.0
Hazebrouck,59295,Hauts-de-France,21498.0,5-10 %,< 3 %,,,,False,,False,False,4.0,0,4.0
Montauban,82121,Occitanie,61919.0,10-15 %,3-4 %,hausse,,,False,accompagnee,False,False,3.0,1,4.0
Albi,81004,Occitanie,49714.0,10-15 %,3-4 %,hausse,preparation;sans_aap,,False,accompagnee,False,False,3.0,1,4.0
Arpajon,91021,Île-de-France,11281.0,10-15 %,< 3 %,,,,False,accompagnee,False,False,3.0,1,4.0
Brétigny-sur-Orge,91103,Île-de-France,27106.0,10-15 %,< 3 %,,,,False,accompagnee,False,False,3.0,1,4.0
Chartres,28085,Centre-Val de Loire,38447.0,10-15 %,3-4 %,hausse,,,True,,False,False,3.0,1,4.0
Fécamp,76259,Normandie,18016.0,10-15 %,3-4 %,hausse,,,True,,False,False,3.0,1,4.0
Mazamet,81163,Occitanie,10064.0,< 5 %,> 7 %,baisse,,,True,,False,False,3.0,1,4.0
Vienne,38544,Auvergne-Rhône-Alpes,31051.0,5-10 %,4-5 %,hausse,,,True,,False,False,3.0,1,4.0
Castelsarrasin,82033,Occitanie,14178.0,< 5 %,4-5 %,,,,True,,False,False,3.0,1,4.0
Chinon,37072,Centre-Val de Loire,8052.0,5-10 %,5-7 %,hausse,,,False,accompagnee,False,False,3.0,1,4.0
Lens,62498,Hauts-de-France,32618.0,5-10 %,> 7 %,hausse,,,False,,True,False,3.0,1,4.0
Vire Normandie,14762,Normandie,17135.0,5-10 %,4-5 %,hausse,preparation,,True,,False,False,3.0,1,4.0
Liévin,62510,Hauts-de-France,30149.0,5-10 %,,hausse,,,False,,True,False,3.0,1,4.0
Creil,60175,Hauts-de-France,36106.0,10-15 %,5-7 %,hausse,,,True,accompagnee,False,False,2.0,2,4.0
Arras,62041,Hauts-de-France,42600.0,10-15 %,4-5 %,hausse,,,True,,True,False,2.0,2,4.0
Grasse,06069,Provence-Alpes-Côte d'Azur,48323.0,15-20 %,3-4 %,hausse,sans_aap,,False,accompagnee,True,False,2.0,2,4.0
Redon,35236,Bretagne,9312.0,5-10 %,4-5 %,baisse,,,True,,False,True,2.0,2,4.0
Saint-Brieuc,22278,Bretagne,44224.0,> 20 %,3-4 %,hausse,,,True,,True,False,2.0,2,4.0
Sin-le-Noble,59569,Hauts-de-France,15603.0,10-15 %,5-7 %,hausse,laureat,,True,,False,False,2.0,2,4.0
Soissons,02722,Hauts-de-France,28705.0,10-15 %,5-7 %,hausse,,,True,accompagnee,False,False,2.0,2,4.0
Brive-la-Gaillarde,19031,Nouvelle-Aquitaine,46599.0,10-15 %,4-5 %,hausse,laureat,,False,,True,False,2.0,2,4.0
Mont-de-Marsan,40192,Nouvelle-Aquitaine,30674.0,15-20 %,< 3 %,baisse,laureat,,False,,True,False,2.0,2,4.0
Verdun,55545,Grand Est,16689.0,10-15 %,> 7 %,hausse,,,False,accompagnee,True,False,2.0,2,4.0
Épernay,51230,Grand Est,22001.0,5-10 %,5-7 %,baisse,,2020.0,True,,False,False,2.0,2,4.0
Autun,71014,Bourgogne-Franche-Comté,13145.0,15-20 %,> 7 %,hausse,laureat,2022.0,False,,True,False,1.0,3,4.0
Bourg-en-Bresse,01053,Auvergne-Rhône-Alpes,41525.0,15-20 %,4-5 %,hausse,laureat,,True,,True,False,1.0,3,4.0
Blois,41018,Centre-Val de Loire,46813.0,10-15 %,3-4 %,hausse,,,False,,False,False,3.0,0,3.0
Bourg-de-Péage,26057,Auvergne-Rhône-Alpes,9578.0,10-15 %,3-4 %,hausse,,,False,,False,False,3.0,0,3.0
Gap,05061,Provence-Alpes-Côte d'Azur,40500.0,10-15 %,3-4 %,hausse,,,False,,False,False,3.0,0,3.0
Issoire,63178,Auvergne-Rhône-Alpes,15014.0,5-10 %,5-7 %,hausse,,,False,,False,False,3.0,0,3.0
Lunel,34145,Occitanie,26185.0,5-10 %,3-4 %,baisse,,,False,,False,False,3.0,0,3.0
Persan,95487,Île-de-France,13996.0,5-10 %,3-4 %,,,,False,,False,False,3.0,0,3.0
Rodez,12202,Occitanie,24207.0,10-15 %,3-4 %,hausse,,,False,,False,False,3.0,0,3.0
Rumilly,74225,Auvergne-Rhône-Alpes,15998.0,5-10 %,3-4 %,baisse,,,False,,False,False,3.0,0,3.0
Sélestat,67462,Grand Est,19300.0,5-10 %,3-4 %,,,,False,,False,False,3.0,0,3.0
Vernon,27681,Normandie,24543.0,10-15 %,3-4 %,hausse,,,False,,False,False,3.0,0,3.0
Cherbourg-en-Cotentin,50129,Normandie,77808.0,10-15 %,< 3 %,,infructueux,,False,,False,False,3.0,0,3.0
Fontenay-le-Comte,85092,Pays de la Loire,13471.0,5-10 %,4-5 %,hausse,,,False,,False,False,3.0,0,3.0
Beauvais,60057,Hauts-de-France,56677.0,15-20 %,3-4 %,hausse,,,False,accompagnee,False,False,2.0,1,3.0
Annemasse,74012,Auvergne-Rhône-Alpes,37918.0,10-15 %,3-4 %,,,,True,,False,False,2.0,1,3.0
Béziers,34032,Occitanie,80341.0,10-15 %,5-7 %,hausse,,,False,,True,False,2.0,1,3.0
Rochefort,17299,Nouvelle-Aquitaine,23092.0,5-10 %,4-5 %,baisse,,,False,accompagnee,False,False,2.0,1,3.0
Tarascon,13108,Provence-Alpes-Côte d'Azur,15423.0,10-15 %,5-7 %,hausse,,,True,,False,False,2.0,1,3.0
Arles,13004,Provence-Alpes-Côte d'Azur,50415.0,10-15 %,4-5 %,hausse,laureat,,False,,False,False,2.0,1,3.0
Avignon,84007,Provence-Alpes-Côte d'Azur,90330.0,10-15 %,5-7 %,hausse,,,False,accompagnee,False,False,2.0,1,3.0
Briançon,05023,Provence-Alpes-Côte d'Azur,10561.0,10-15 %,4-5 %,hausse,laureat,,False,,False,False,2.0,1,3.0
Chalon-sur-Saône,71076,Bourgogne-Franche-Comté,45031.0,10-15 %,5-7 %,hausse,laureat,,False,,False,False,2.0,1,3.0
Dieppe,76217,Normandie,28358.0,10-15 %,5-7 %,hausse,,,False,accompagnee,False,False,2.0,1,3.0
Dreux,28134,Centre-Val de Loire,30879.0,10-15 %,> 7 %,hausse,,2020.0,False,,False,False,2.0,1,3.0
Figeac,46102,Occitanie,9770.0,10-15 %,5-7 %,hausse,laureat,,False,,False,False,2.0,1,3.0
Laon,02408,Hauts-de-France,24021.0,5-10 %,5-7 %,baisse,,,True,,False,False,2.0,1,3.0
Louviers,27375,Normandie,18350.0,10-15 %,4-5 %,hausse,infructueux,2020.0,False,,False,False,2.0,1,3.0
Roanne,42187,Auvergne-Rhône-Alpes,34762.0,10-15 %,5-7 %,hausse,,,False,accompagnee,False,False,2.0,1,3.0
Saint-Dizier,52448,Grand Est,23068.0,10-15 %,5-7 %,hausse,,,False,pilote,False,False,2.0,1,3.0
Saint-Nazaire,44184,Pays de la Loire,72057.0,15-20 %,< 3 %,baisse,,,False,,True,False,2.0,1,3.0
Thionville,57672,Grand Est,42163.0,10-15 %,3-4 %,baisse,,,True,,False,False,2.0,1,3.0
Évry,91228,Île-de-France,66177.0,> 20 %,< 3 %,,,,True,,False,False,2.0,1,3.0
Montbéliard,25388,Bourgogne-Franche-Comté,25573.0,5-10 %,5-7 %,baisse,,,False,,True,False,2.0,1,3.0
Romans-sur-Isère,26281,Auvergne-Rhône-Alpes,32911.0,10-15 %,,hausse,,,False,,True,False,2.0,1,3.0
Château-Thierry,02168,Hauts-de-France,15204.0,10-15 %,5-7 %,baisse,laureat,,False,accompagnee,False,False,1.0,2,3.0
Digne-les-Bains,04070,Provence-Alpes-Côte d'Azur,17192.0,15-20 %,5-7 %,hausse,,,True,accompagnee,False,False,1.0,2,3.0
Troyes,10387,Grand Est,62782.0,10-15 %,> 7 %,baisse,,,True,accompagnee,False,False,1.0,2,3.0
Châteaubriant,44036,Pays de la Loire,12189.0,10-15 %,4-5 %,baisse,laureat,,False,accompagnee,False,False,1.0,2,3.0
Châtellerault,86066,Nouvelle-Aquitaine,31284.0,> 20 %,5-7 %,hausse,infructueux,,True,pilote,False,False,1.0,2,3.0
Foix,09122,Occitanie,9472.0,10-15 %,5-7 %,baisse,preparation,,True,accompagnee,False,False,1.0,2,3.0
Libourne,33243,Nouvelle-Aquitaine,24557.0,10-15 %,4-5 %,baisse,laureat,,False,accompagnee,False,False,1.0,2,3.0
Montbrison,42147,Auvergne-Rhône-Alpes,16064.0,10-15 %,4-5 %,baisse,infructueux,,True,accompagnee,False,False,1.0,2,3.0
Montceau-les-Mines,71306,Bourgogne-Franche-Comté,16831.0,15-20 %,> 7 %,hausse,laureat,,True,,False,False,1.0,2,3.0
Sarrebourg,57630,Grand Est,12359.0,10-15 %,5-7 %,baisse,,,True,accompagnee,False,False,1.0,2,3.0
Tarare,69243,Auvergne-Rhône-Alpes,10428.0,10-15 %,5-7 %,baisse,laureat,2022.0,False,,False,False,1.0,2,3.0
Vichy,03310,Auvergne-Rhône-Alpes,25789.0,10-15 %,> 7 %,baisse,,,True,pilote,False,False,1.0,2,3.0
Périgueux,24322,Nouvelle-Aquitaine,29516.0,10-15 %,5-7 %,baisse,,,False,accompagnee,True,False,1.0,2,3.0
Mâcon,71270,Bourgogne-Franche-Comté,34448.0,15-20 %,4-5 %,hausse,,,False,,True,True,1.0,2,3.0
Sens,89387,Bourgogne-Franche-Comté,27034.0,15-20 %,5-7 %,baisse,laureat,,True,accompagnee,False,False,0.0,3,3.0
Nevers,58194,Bourgogne-Franche-Comté,32830.0,> 20 %,> 7 %,baisse,,,True,accompagnee,True,False,0.0,3,3.0
Angoulème,16015,Nouvelle-Aquitaine,41086.0,> 20 %,4-5 %,baisse,,,True,,True,True,0.0,3,3.0
Romorantin-Lanthenay,41194,Centre-Val de Loire,18115.0,10-15 %,4-5 %,hausse,,,False,,False,False,2.0,0,2.0
Fontainebleau,77186,Île-de-France,15945.0,5-10 %,5-7 %,,,,False,,False,False,2.0,0,2.0
La Flèche,72154,Pays de la Loire,14937.0,10-15 %,3-4 %,baisse,,,False,,False,False,2.0,0,2.0
Lunéville,54329,Grand Est,17755.0,5-10 %,> 7 %,baisse,,,False,,False,False,2.0,0,2.0
Manosque,04112,Provence-Alpes-Côte d'Azur,22926.0,10-15 %,4-5 %,hausse,infructueux,,False,,False,False,2.0,0,2.0
Pontoise,95500,Île-de-France,31327.0,,< 3 %,,,,False,,False,False,2.0,0,2.0
Saint-Michel-sur-Orge,91570,Île-de-France,21437.0,,< 3 %,,,,False,,False,False,2.0,0,2.0
Trappes,78621,Île-de-France,33717.0,,< 3 %,,,,False,,False,False,2.0,0,2.0
Vitry-le-François,51649,Grand Est,11454.0,5-10 %,> 7 %,baisse,,,False,,False,False,2.0,0,2.0
Abbeville,80001,Hauts-de-France,22595.0,10-15 %,5-7 %,hausse,preparation,,False,,False,False,2.0,0,2.0
Arpajon-sur-Cère,15012,Auvergne-Rhône-Alpes,6315.0,15-20 %,< 3 %,,preparation,,False,,False,False,2.0,0,2.0
Beaumont-sur-Oise,95052,Île-de-France,9590.0,5-10 %,,,,,False,,False,False,2.0,0,2.0
Bergerac,24037,Nouvelle-Aquitaine,26323.0,10-15 %,4-5 %,hausse,preparation,,False,,False,False,2.0,0,2.0
Charleville-Mézières,08105,Grand Est,46398.0,10-15 %,5-7 %,hausse,,,False,,False,False,2.0,0,2.0
Dole,39198,Bourgogne-Franche-Comté,23775.0,5-10 %,4-5 %,baisse,,,False,,False,False,2.0,0,2.0
Gonesse,95277,Île-de-France,25963.0,> 20 %,< 3 %,,,,False,,False,False,2.0,0,2.0
Haguenau,67180,Grand Est,35715.0,10-15 %,3-4 %,baisse,,,False,,False,False,2.0,0,2.0
Issoudun,36088,Centre-Val de Loire,10992.0,10-15 %,> 7 %,hausse,,,False,,False,False,2.0,0,2.0
Quimper,29232,Bretagne,63642.0,10-15 %,3-4 %,baisse,,,False,,False,False,2.0,0,2.0
Saintes,17415,Nouvelle-Aquitaine,25518.0,10-15 %,3-4 %,baisse,,,False,,False,False,2.0,0,2.0
Sartrouville,78586,Île-de-France,51220.0,5-10 %,,,,,False,,False,False,2.0,0,2.0
Saumur,49328,Pays de la Loire,26215.0,5-10 %,4-5 %,baisse,,,False,,False,False,2.0,0,2.0
Saverne,67437,Grand Est,11390.0,10-15 %,4-5 %,hausse,,,False,,False,False,2.0,0,2.0
Corbeil-Essonnes,91174,Île-de-France,52683.0,> 20 %,3-4 %,,,,True,,False,False,1.0,1,2.0
Denain,59172,Hauts-de-France,20640.0,10-15 %,> 7 %,baisse,,,True,,False,False,1.0,1,2.0
Longwy,54323,Grand Est,15191.0,10-15 %,5-7 %,baisse,infructueux,,True,,False,False,1.0,1,2.0
Montargis,45208,Centre-Val de Loire,15061.0,> 20 %,> 7 %,hausse,,,False,accompagnee,False,False,1.0,1,2.0
Pontivy,56178,Bretagne,14774.0,10-15 %,5-7 %,baisse,,,True,,False,False,1.0,1,2.0
Saint-Omer,62765,Hauts-de-France,14661.0,15-20 %,> 7 %,hausse,,,False,pilote,False,False,1.0,1,2.0
Argentan,61006,Normandie,13291.0,15-20 %,4-5 %,hausse,,,False,accompagnee,False,False,1.0,1,2.0
Boulogne-sur-Mer,62160,Hauts-de-France,40910.0,> 20 %,5-7 %,hausse,,,False,accompagnee,False,False,1.0,1,2.0
Calais,62193,Hauts-de-France,67380.0,> 20 %,3-4 %,baisse,preparation,,False,pilote,False,False,1.0,1,2.0
Carcassonne,11069,Occitanie,46218.0,15-20 %,5-7 %,hausse,,,False,accompagnee,False,False,1.0,1,2.0
Fougères,35115,Bretagne,20653.0,10-15 %,4-5 %,baisse,,,True,,False,False,1.0,1,2.0
Gien,45155,Centre-Val de Loire,13387.0,> 20 %,5-7 %,hausse,,,True,,False,False,1.0,1,2.0
Le Creusot,71153,Bourgogne-Franche-Comté,20731.0,> 20 %,> 7 %,hausse,infructueux,,True,,False,False,1.0,1,2.0
Lons-le-Saunier,39300,Bourgogne-Franche-Comté,17043.0,10-15 %,> 7 %,baisse,,,False,accompagnee,False,False,1.0,1,2.0
Moulins,03190,Auvergne-Rhône-Alpes,19343.0,15-20 %,> 7 %,hausse,,,True,,False,False,1.0,1,2.0
Nogent-le-Rotrou,28280,Centre-Val de Loire,9341.0,10-15 %,5-7 %,baisse,laureat,,False,,False,False,1.0,1,2.0
Riom,63300,Auvergne-Rhône-Alpes,18736.0,10-15 %,4-5 %,baisse,laureat,,False,,False,False,1.0,1,2.0
Sarreguemines,57631,Grand Est,20624.0,15-20 %,5-7 %,hausse,,,True,,False,False,1.0,1,2.0
Sedan,08409,Grand Est,16608.0,15-20 %,> 7 %,hausse,sans_aap,,True,,False,False,1.0,1,2.0
Thiers,63430,Auvergne-Rhône-Alpes,11633.0,10-15 %,> 7 %,baisse,,,True,,False,False,1.0,1,2.0
Toul,54528,Grand Est,15849.0,10-15 %,5-7 %,baisse,sans_aap,,True,,False,False,1.0,1,2.0
Vesoul,70550,Bourgogne-Franche-Comté,15130.0,10-15 %,4-5 %,baisse,en_cours,,True,,False,False,1.0,1,2.0
Villeneuve-sur-Lot,47323,Nouvelle-Aquitaine,21629.0,> 20 %,5-7 %,hausse,,,False,accompagnee,False,False,1.0,1,2.0
Évreux,27229,Normandie,47289.0,15-20 %,5-7 %,hausse,,,True,,False,False,1.0,1,2.0
Belfort,90010,Bourgogne-Franche-Comté,45155.0,15-20 %,5-7 %,hausse,,,False,,True,False,1.0,1,2.0
Châlons-en-Champagne,51108,Grand Est,43877.0,10-15 %,5-7 %,baisse,,,False,,True,False,1.0,1,2.0
Vierzon,18279,Centre-Val de Loire,25348.0,> 20 %,> 7 %,hausse,,,False,,True,False,1.0,1,2.0
Carpentras,84031,Provence-Alpes-Côte d'Azur,30769.0,15-20 %,5-7 %,baisse,,,True,,True,False,0.0,2,2.0
Guéret,23096,Nouvelle-Aquitaine,12840.0,15-20 %,> 7 %,baisse,infructueux,,True,accompagnee,False,False,0.0,2,2.0
Marmande,47157,Nouvelle-Aquitaine,17239.0,15-20 %,5-7 %,,laureat,,False,accompagnee,False,False,0.0,2,2.0
Montélimar,26198,Auvergne-Rhône-Alpes,40399.0,15-20 %,5-7 %,baisse,infructueux,,False,accompagnee,True,False,0.0,2,2.0
Tulle,19272,Nouvelle-Aquitaine,13992.0,> 20 %,> 7 %,baisse,laureat,,True,,False,False,0.0,2,2.0
Bourges,18033,Centre-Val de Loire,63702.0,> 20 %,5-7 %,baisse,infructueux,,False,pilote,True,False,0.0,2,2.0
Mantes-la-Jolie,78361,Île-de-France,44539.0,> 20 %,4-5 %,,,,True,,True,False,0.0,2,2.0
Aubenas,07019,Auvergne-Rhône-Alpes,12360.0,15-20 %,> 7 %,hausse,,,False,,False,False,1.0,0,1.0
Auch,32013,Occitanie,23041.0,15-20 %,4-5 %,hausse,preparation,,False,,False,False,1.0,0,1.0
Lisieux,14366,Normandie,19807.0,10-15 %,5-7 %,baisse,,,False,,False,False,1.0,0,1.0
Meaux,77284,Île-de-France,55616.0,15-20 %,3-4 %,,,,False,,False,False,1.0,0,1.0
Melun,77288,Île-de-France,42367.0,> 20 %,3-4 %,,,,False,,False,False,1.0,0,1.0
Mende,48095,Occitanie,12316.0,15-20 %,5-7 %,hausse,,,False,,False,False,1.0,0,1.0
Narbonne,11262,Occitanie,56395.0,10-15 %,4-5 %,baisse,,,False,,False,False,1.0,0,1.0
Tarbes,65440,Occitanie,43955.0,15-20 %,> 7 %,hausse,,,False,,False,False,1.0,0,1.0
Épinal,88160,Grand Est,32285.0,10-15 %,5-7 %,baisse,infructueux,,False,,False,False,1.0,0,1.0
Étampes,91223,Île-de-France,26529.0,10-15 %,4-5 %,,,,False,,False,False,1.0,0,1.0
Bruay-la-Buissière,62178,Hauts-de-France,21827.0,10-15 %,5-7 %,baisse,,,False,,False,False,1.0,0,1.0
Béthune,62119,Hauts-de-France,24992.0,10-15 %,4-5 %,baisse,,,False,,False,False,1.0,0,1.0
Cambrai,59122,Hauts-de-France,31425.0,10-15 %,5-7 %,baisse,,,False,,False,False,1.0,0,1.0
Châteaudun,28088,Centre-Val de Loire,12909.0,10-15 %,5-7 %,,,,False,,False,False,1.0,0,1.0
Cognac,16102,Nouvelle-Aquitaine,18448.0,10-15 %,5-7 %,baisse,,,False,,False,False,1.0,0,1.0
Colmar,68066,Grand Est,67730.0,10-15 %,4-5 %,baisse,,,False,,False,False,1.0,0,1.0
Dax,40088,Nouvelle-Aquitaine,21347.0,15-20 %,3-4 %,baisse,,,False,,False,False,1.0,0,1.0
Flers,61169,Normandie,14482.0,10-15 %,> 7 %,baisse,,,False,,False,False,1.0,0,1.0
Forbach,57227,Grand Est,21130.0,> 20 %,5-7 %,hausse,,,False,,False,False,1.0,0,1.0
Guebwiller,68112,Grand Est,11137.0,10-15 %,5-7 %,baisse,,,False,,False,False,1.0,0,1.0
Lourdes,65286,Occitanie,13509.0,> 20 %,> 7 %,hausse,,,False,,False,False,1.0,0,1.0
Montluçon,03185,Auvergne-Rhône-Alpes,33342.0,15-20 %,> 7 %,hausse,,,False,,False,False,1.0,0,1.0
Perpignan,66136,Occitanie,119656.0,15-20 %,5-7 %,hausse,,,False,,False,False,1.0,0,1.0
Saint-Avold,57606,Grand Est,15045.0,> 20 %,5-7 %,hausse,,,False,,False,False,1.0,0,1.0
Saint-Dié-des-Vosges,88413,Grand Est,19319.0,10-15 %,5-7 %,baisse,,,False,,False,False,1.0,0,1.0
Tonneins,47310,Nouvelle-Aquitaine,9337.0,10-15 %,5-7 %,baisse,sans_aap,,False,,False,False,1.0,0,1.0
Villefranche-de-Rouergue,12300,Occitanie,11720.0,> 20 %,> 7 %,hausse,,,False,,False,False,1.0,0,1.0
Alès,30007,Occitanie,43892.0,15-20 %,5-7 %,baisse,,,True,,False,False,0.0,1,1.0
Alençon,61001,Normandie,25555.0,> 20 %,5-7 %,baisse,preparation,,True,,False,False,0.0,1,1.0
Bar-le-Duc,55029,Grand Est,14668.0,15-20 %,> 7 %,baisse,preparation,,False,accompagnee,False,False,0.0,1,1.0
Cahors,46042,Occitanie,20141.0,15-20 %,5-7 %,baisse,laureat,,False,,False,False,0.0,1,1.0
Châteauroux,36044,Centre-Val de Loire,42968.0,15-20 %,4-5 %,baisse,laureat,,False,,False,False,0.0,1,1.0
Coulommiers,77131,Île-de-France,15250.0,15-20 %,4-5 %,,,,False,accompagnee,False,False,0.0,1,1.0
Le Puy-en-Velay,43157,Auvergne-Rhône-Alpes,18629.0,15-20 %,> 7 %,baisse,,,False,accompagnee,False,False,0.0,1,1.0
Limoges,87085,Nouvelle-Aquitaine,129760.0,15-20 %,4-5 %,baisse,preparation,,False,pilote,False,False,0.0,1,1.0
Morlaix,29151,Bretagne,14903.0,15-20 %,5-7 %,baisse,laureat,,False,,False,False,0.0,1,1.0
Oyonnax,01283,Auvergne-Rhône-Alpes,22277.0,15-20 %,> 7 %,baisse,,,True,,False,False,0.0,1,1.0
Pamiers,09225,Occitanie,16394.0,> 20 %,5-7 %,baisse,,,False,accompagnee,False,False,0.0,1,1.0
Pithiviers,45252,Centre-Val de Loire,9094.0,15-20 %,> 7 %,baisse,,,False,accompagnee,False,False,0.0,1,1.0
Saint-Quentin,02691,Hauts-de-France,52958.0,> 20 %,5-7 %,baisse,,,True,,False,False,0.0,1,1.0
Agen,47001,Nouvelle-Aquitaine,32485.0,> 20 %,5-7 %,baisse,,,False,,True,False,0.0,1,1.0
Auxerre,89024,Bourgogne-Franche-Comté,34778.0,15-20 %,4-5 %,baisse,,,False,,True,False,0.0,1,1.0
Cavaillon,84035,Provence-Alpes-Côte d'Azur,25923.0,15-20 %,4-5 %,baisse,,,False,,True,False,0.0,1,1.0
Ajaccio,2A004,Corse,73822.0,,,,,,False,,False,False,0.0,0,0.0
Bastia,2B033,Corse,48768.0,,,,,,False,,False,False,0.0,0,0.0
Les Mureaux,78440,Île-de-France,33977.0,15-20 %,,,,,False,,False,False,0.0,0,0.0
Montereau-Fault-Yonne,77305,Île-de-France,22259.0,> 20 %,5-7 %,,,,False,,False,False,0.0,0,0.0
Saint-Gaudens,31483,Occitanie,11613.0,> 20 %,> 7 %,,,,False,,False,False,0.0,0,0.0
Annonay,07010,Auvergne-Rhône-Alpes,16873.0,> 20 %,> 7 %,baisse,,,False,,False,False,0.0,0,0.0
Aurillac,15014,Auvergne-Rhône-Alpes,25815.0,15-20 %,,,preparation,,False,,False,False,0.0,0,0.0
Bagnols-sur-Cèze,30028,Occitanie,18248.0,> 20 %,5-7 %,baisse,,,False,,False,False,0.0,0,0.0
Basse-Terre,97105,Guadeloupe,,,,,,,False,,False,False,0.0,0,0.0
Castres,81065,Occitanie,42672.0,15-20 %,5-7 %,,,,False,,False,False,0.0,0,0.0
Cayenne,97302,Guyane,,,,,,,False,,False,False,0.0,0,0.0
Chaumont,52121,Grand Est,21699.0,15-20 %,4-5 %,baisse,,,False,,False,False,0.0,0,0.0
Dembeni,97607,Mayotte,,,,,,,False,,False,False,0.0,0,0.0
Dzaoudzi,97608,Mayotte,,,,,,,False,,False,False,0.0,0,0.0
Fort-de-France,97209,Martinique,,,,,,,False,,False,False,0.0,0,0.0
Le Lamentin,97213,Martinique,,,,,,,False,,False,False,0.0,0,0.0
Le Port,97407,La Réunion,,,,,,,False,,False,False,0.0,0,0.0
Les Abymes,97101,Guadeloupe,,,,,,,False,,False,False,0.0,0,0.0
Mamoudzou,97611,Mayotte,,,,,,,False,,False,False,0.0,0,0.0
Melan,78401,Île-de-France,9041.0,15-20 %,,,,,False,,False,False,0.0,0,0.0
Millau,12145,Occitanie,21712.0,15-20 %,5-7 %,baisse,,,False,,False,False,0.0,0,0.0
Nemours,77333,Île-de-France,13189.0,> 20 %,5-7 %,,infructueux,,False,,False,False,0.0,0,0.0
Pamandzi,97615,Mayotte,,,,,,,False,,False,False,0.0,0,0.0
Pointe-à-Pitre,97120,Guadeloupe,,,,,,,False,,False,False,0.0,0,0.0
Sablé-sur-Sarthe,72264,Pays de la Loire,12096.0,> 20 %,5-7 %,,,,False,,False,False,0.0,0,0.0
Saint-André,97409,La Réunion,,,,,,,False,,False,False,0.0,0,0.0
Saint-Joseph,97412,La Réunion,,,,,,,False,,False,False,0.0,0,0.0
Saint-Laurent-du-Maroni,97311,Guyane,,,,,,,False,,False,False,0.0,0,0.0
Saint-Louis,97414,La Réunion,,,,,,,False,,False,False,0.0,0,0.0
Saint-Pierre,97416,La Réunion,,,,,,,False,,False,False,0.0,0,0.0
Valenciennes,59606,Hauts-de-France,42991.0,,5-7 %,baisse,,,False,,False,False,0.0,0,0.0
