lib_com,insee_com,Nom Officiel Région,POPULATION,vacance_commerciale_2025,vacance_logement_2025,ventes_immo_tendance_2018_2023,reinventons_statut,territoire_pilote_sobriete_fonciere,accompagnement_cerema_transition,design_actif,fonciere,mcv2030,resultats,mobilisation,score,INSEE_COM,e2012,e2019,e2025,evol_2012_2019_pct,evol_2019_2025_pct,tous_2019_2025_pct,fact_18_22,dpop_2014_2020_pct,pts_commerce_sirene,pts_vacance_niveau,pts_vacance_tendance,pts_habitat,pts_mobilisation,pts_frequentation,score_final,codata_2019_2025,mytraffic
Bressuire,79049,Nouvelle-Aquitaine,19906.0,10-15 %,< 3 %,hausse,,,True,accompagnee,False,False,4.0,2,6.0,79049,50.0,43.0,42.0,-14.0,-2.3,-5.1,,2.9,2.0,2,2,1.5,1.0,0.0,8.5,17.9 % → 8.6 %,
Sète,34301,Occitanie,44712.0,5-10 %,3-4 %,hausse,,2020.0,False,,False,False,4.0,1,5.0,34301,180.0,153.0,174.0,-15.0,13.7,2.8,-4.4,1.0,3.5,2,1,1.0,0.5,0.0,8.0,,
Privas,07186,Auvergne-Rhône-Alpes,8541.0,5-10 %,> 7 %,hausse,,,True,accompagnee,False,False,3.0,2,5.0,07186,46.0,35.0,37.0,-23.9,5.7,0.0,,3.1,3.5,2,0,0.5,1.0,0.0,7.0,,
Frontignan,34108,Occitanie,23808.0,< 5 %,< 3 %,hausse,,,False,,False,False,6.0,0,6.0,34108,30.0,31.0,33.0,3.3,6.5,-2.7,,2.6,2.0,3,0,1.5,0.0,0.0,6.5,,
Creil,60175,Hauts-de-France,36106.0,10-15 %,5-7 %,hausse,,,True,accompagnee,False,False,2.0,2,4.0,60175,59.0,40.0,55.0,-32.2,37.5,13.3,,3.0,3.5,1,0,0.5,1.0,0.0,6.0,,
Mazamet,81163,Occitanie,10064.0,< 5 %,> 7 %,baisse,,,True,,False,False,3.0,1,4.0,81163,45.0,34.0,34.0,-24.4,0.0,-5.0,,-2.2,2.0,3,0,0.0,0.5,0.0,5.5,,
Draguignan,83050,Provence-Alpes-Côte d'Azur,39745.0,10-15 %,3-4 %,hausse,laureat,2020.0,False,,False,False,3.0,2,5.0,83050,138.0,95.0,91.0,-31.2,-4.2,0.5,,-1.5,2.5,1,0,1.0,1.0,0.0,5.5,,
Vitry-le-François,51649,Grand Est,11454.0,5-10 %,> 7 %,baisse,,,False,,False,False,2.0,0,2.0,51649,56.0,41.0,50.0,-26.8,22.0,9.1,,-12.8,3.5,2,0,0.0,0.0,0.0,5.5,,
Vitré,35360,Bretagne,18998.0,10-15 %,< 3 %,baisse,,,True,accompagnee,False,False,3.0,2,5.0,35360,55.0,48.0,46.0,-12.7,-4.2,-4.8,,5.9,2.0,1,0,1.0,1.0,0.0,5.0,,
Poissy,78498,Île-de-France,40016.0,5-10 %,< 3 %,,,,True,,False,False,4.0,1,5.0,78498,79.0,81.0,85.0,2.5,4.9,-2.2,,7.4,1.0,2,0,1.0,0.5,0.5,5.0,,"2,55 M visites/mois"
Sélestat,67462,Grand Est,19300.0,5-10 %,3-4 %,,,,False,,False,False,3.0,0,3.0,67462,99.0,78.0,79.0,-21.2,1.3,5.1,,-1.4,2.5,2,0,0.5,0.0,0.0,5.0,,
Valence,26362,Auvergne-Rhône-Alpes,64483.0,10-15 %,3-4 %,hausse,,,True,,True,False,3.0,2,5.0,26362,271.0,243.0,233.0,-10.3,-4.1,-5.1,,3.7,2.0,1,0,1.0,1.0,0.0,5.0,,
Lunéville,54329,Grand Est,17755.0,5-10 %,> 7 %,baisse,,,False,,False,False,2.0,0,2.0,54329,54.0,46.0,52.0,-14.8,13.0,-5.4,,-7.6,3.0,2,0,0.0,0.0,0.0,5.0,,
Denain,59172,Hauts-de-France,20640.0,10-15 %,> 7 %,baisse,,,True,,False,False,1.0,1,2.0,59172,50.0,36.0,43.0,-28.0,19.4,8.3,,-0.5,3.5,1,0,0.0,0.5,0.0,5.0,,
Cholet,49099,Pays de la Loire,53936.0,10-15 %,< 3 %,hausse,infructueux,,False,,False,False,4.0,0,4.0,49099,146.0,106.0,101.0,-27.4,-4.7,-6.8,,0.9,2.0,1,0,1.5,0.0,0.0,4.5,,
Limay,78335,Île-de-France,17626.0,< 5 %,< 3 %,,,,True,,False,False,5.0,1,6.0,78335,8.0,8.0,8.0,0.0,0.0,20.0,,6.0,0.0,3,0,1.0,0.5,0.0,4.5,,
Vire Normandie,14762,Normandie,17135.0,5-10 %,4-5 %,hausse,preparation,,True,,False,False,3.0,1,4.0,14762,66.0,60.0,62.0,-9.1,3.3,1.9,,-5.1,1.5,2,0,0.5,0.5,0.0,4.5,,
Vannes,56260,Bretagne,54420.0,5-10 %,< 3 %,baisse,,,False,,False,False,4.0,0,4.0,56260,258.0,264.0,271.0,2.3,2.7,-1.5,,1.8,1.0,2,0,1.0,0.0,0.5,4.5,,"2,25 M visites/mois"
Pau,64445,Nouvelle-Aquitaine,77066.0,10-15 %,3-4 %,hausse,laureat,,True,accompagnee,True,False,3.0,4,7.0,64445,332.0,266.0,244.0,-19.9,-8.3,-6.8,,-2.4,0.0,1,0,1.0,2.0,0.5,4.5,,"2,55 M visites/mois ; attractivité 87,7 %"
Saint-Malo,35288,Bretagne,47323.0,< 5 %,< 3 %,baisse,,,False,accompagnee,False,False,5.0,1,6.0,35288,128.0,138.0,121.0,7.8,-12.3,-10.5,,2.2,0.0,3,0,1.0,0.5,0.0,4.5,,
La Flèche,72154,Pays de la Loire,14937.0,10-15 %,3-4 %,baisse,,,False,,False,False,2.0,0,2.0,72154,37.0,33.0,35.0,-10.8,6.1,-8.0,,0.4,3.0,1,0,0.5,0.0,0.0,4.5,,
Chalon-sur-Saône,71076,Bourgogne-Franche-Comté,45031.0,10-15 %,5-7 %,hausse,laureat,,False,,False,False,2.0,1,3.0,71076,213.0,184.0,190.0,-13.6,3.3,4.2,,0.2,2.5,1,0,0.5,0.5,0.0,4.5,,
Rochefort,17299,Nouvelle-Aquitaine,23092.0,5-10 %,4-5 %,baisse,,,False,accompagnee,False,False,2.0,1,3.0,17299,103.0,82.0,81.0,-20.4,-1.2,-7.3,,-3.7,2.0,2,0,0.0,0.5,0.0,4.5,,
Calais,62193,Hauts-de-France,67380.0,> 20 %,3-4 %,baisse,preparation,,False,pilote,False,False,1.0,1,2.0,62193,91.0,74.0,81.0,-18.7,9.5,6.8,-7.7,-11.6,3.5,0,0,0.5,0.5,0.0,4.5,,
Sartrouville,78586,Île-de-France,51220.0,5-10 %,,,,,False,,False,False,2.0,0,2.0,78586,53.0,46.0,47.0,-13.2,2.2,2.6,,-0.0,2.5,2,0,0.0,0.0,0.0,4.5,,
Revel,31451,Occitanie,9665.0,5-10 %,3-4 %,hausse,laureat,,False,accompagnee,False,False,4.0,2,6.0,31451,38.0,31.0,29.0,-18.4,-6.5,-2.9,,2.8,0.0,2,0,1.0,1.0,0.5,4.5,,+13 % de visiteurs extérieurs
Brignoles,83023,Provence-Alpes-Côte d'Azur,17664.0,< 5 %,5-7 %,hausse,preparation,,False,,True,False,4.0,1,5.0,83023,51.0,29.0,25.0,-43.1,-13.8,9.1,,5.8,0.0,3,0,0.5,0.5,0.0,4.0,,
Bayonne,64102,Nouvelle-Aquitaine,52749.0,5-10 %,< 3 %,baisse,,,False,,False,False,4.0,0,4.0,64102,268.0,256.0,259.0,-4.5,1.2,-6.1,,7.9,1.0,2,0,1.0,0.0,0.0,4.0,,
Redon,35236,Bretagne,9312.0,5-10 %,4-5 %,baisse,,,True,,False,True,2.0,2,4.0,35236,55.0,51.0,41.0,-7.3,-19.6,-1.2,-5.0,4.4,0.0,2,1,0.0,1.0,0.0,4.0,,
Figeac,46102,Occitanie,9770.0,10-15 %,5-7 %,hausse,laureat,,False,,False,False,2.0,1,3.0,46102,48.0,43.0,43.0,-10.4,0.0,-2.4,,-0.4,2.0,1,0,0.5,0.5,0.0,4.0,,
Épernay,51230,Grand Est,22001.0,5-10 %,5-7 %,baisse,,2020.0,True,,False,False,2.0,2,4.0,51230,130.0,112.0,102.0,-13.8,-8.9,-6.5,,-3.5,0.0,2,1,0.0,1.0,0.0,4.0,8.8 % → 7.6 %,
Senlis,60612,Hauts-de-France,15255.0,5-10 %,< 3 %,hausse,,,False,,False,False,5.0,0,5.0,60612,46.0,41.0,38.0,-10.9,-7.3,2.5,,-1.1,0.5,2,0,1.5,0.0,0.0,4.0,,
Chambéry,73065,Auvergne-Rhône-Alpes,59856.0,10-15 %,< 3 %,hausse,infructueux,,False,accompagnee,True,False,4.0,2,6.0,73065,261.0,258.0,224.0,-1.1,-13.2,-14.9,,-0.5,0.0,1,0,1.5,1.0,0.5,4.0,,"2,7 M visites/mois"
Mâcon,71270,Bourgogne-Franche-Comté,34448.0,15-20 %,4-5 %,hausse,,,False,,True,True,1.0,2,3.0,71270,176.0,138.0,137.0,-21.6,-0.7,4.3,,2.9,2.5,0,0,0.5,1.0,0.0,4.0,,
Roanne,42187,Auvergne-Rhône-Alpes,34762.0,10-15 %,5-7 %,hausse,,,False,accompagnee,False,False,2.0,1,3.0,42187,158.0,138.0,140.0,-12.7,1.4,-2.3,,-2.2,2.0,1,0,0.5,0.5,0.0,4.0,,
Louviers,27375,Normandie,18350.0,10-15 %,4-5 %,hausse,infructueux,2020.0,False,,False,False,2.0,1,3.0,27375,61.0,67.0,67.0,9.8,0.0,-5.5,-4.3,2.1,1.0,1,1,0.5,0.5,0.0,4.0,,
Agde,34003,Occitanie,29103.0,5-10 %,< 3 %,hausse,,,False,accompagnee,False,False,5.0,1,6.0,34003,13.0,17.0,20.0,30.8,17.6,6.1,,11.8,0.0,2,0,1.5,0.5,0.0,4.0,,
Bourgoin-Jallieu,38053,Auvergne-Rhône-Alpes,29577.0,10-15 %,< 3 %,hausse,laureat,,True,accompagnee,False,False,4.0,3,7.0,38053,12.0,18.0,12.0,50.0,-33.3,-20.0,,7.4,0.0,1,0,1.5,1.5,0.0,4.0,,
Mende,48095,Occitanie,12316.0,15-20 %,5-7 %,hausse,,,False,,False,False,1.0,0,1.0,48095,52.0,39.0,41.0,-25.0,5.1,6.8,,6.9,3.5,0,0,0.5,0.0,0.0,4.0,,
Béziers,34032,Occitanie,80341.0,10-15 %,5-7 %,hausse,,,False,,True,False,2.0,1,3.0,34032,219.0,166.0,163.0,-24.2,-1.8,-12.9,,3.9,2.0,1,0,0.5,0.5,0.0,4.0,,
Laval,53130,Pays de la Loire,49657.0,10-15 %,< 3 %,hausse,laureat,2022.0,False,,True,False,4.0,3,7.0,53130,139.0,117.0,101.0,-15.8,-13.7,-8.3,,-0.9,0.0,1,0,1.5,1.5,0.0,4.0,,
Verdun,55545,Grand Est,16689.0,10-15 %,> 7 %,hausse,,,False,accompagnee,True,False,2.0,2,4.0,55545,74.0,70.0,67.0,-5.4,-4.3,-5.0,,-8.2,1.0,1,0,0.5,1.0,0.0,3.5,,
Fontainebleau,77186,Île-de-France,15945.0,5-10 %,5-7 %,,,,False,,False,False,2.0,0,2.0,77186,135.0,123.0,125.0,-8.9,1.6,3.4,,8.6,1.5,2,0,0.0,0.0,0.0,3.5,,
Compiègne,60159,Hauts-de-France,40394.0,5-10 %,3-4 %,hausse,,,False,accompagnee,False,False,4.0,1,5.0,60159,148.0,161.0,146.0,8.8,-9.3,-6.4,,-0.7,0.0,2,0,1.0,0.5,0.0,3.5,,
Hazebrouck,59295,Hauts-de-France,21498.0,5-10 %,< 3 %,,,,False,,False,False,4.0,0,4.0,59295,76.0,68.0,62.0,-10.5,-8.8,4.6,,-1.1,0.5,2,0,1.0,0.0,0.0,3.5,,
Voiron,38563,Auvergne-Rhône-Alpes,20891.0,10-15 %,< 3 %,hausse,,,False,,False,False,4.0,0,4.0,38563,77.0,84.0,80.0,9.1,-4.8,-5.6,,0.8,1.0,1,0,1.5,0.0,0.0,3.5,,
Montbrison,42147,Auvergne-Rhône-Alpes,16064.0,10-15 %,4-5 %,baisse,infructueux,,True,accompagnee,False,False,1.0,2,3.0,42147,104.0,95.0,96.0,-8.7,1.1,6.1,,1.6,1.5,1,0,0.0,1.0,0.0,3.5,,
Romorantin-Lanthenay,41194,Centre-Val de Loire,18115.0,10-15 %,4-5 %,hausse,,,False,,False,False,2.0,0,2.0,41194,45.0,33.0,32.0,-26.7,-3.0,-12.3,,4.3,2.0,1,0,0.5,0.0,0.0,3.5,,
Foix,09122,Occitanie,9472.0,10-15 %,5-7 %,baisse,preparation,,True,accompagnee,False,False,1.0,2,3.0,09122,50.0,48.0,49.0,-4.0,2.1,0.0,,-2.1,1.5,1,0,0.0,1.0,0.0,3.5,13.4 % → 14.8 %,
Poitiers,86194,Nouvelle-Aquitaine,90240.0,10-15 %,3-4 %,baisse,,2020.0,True,accompagnee,True,False,2.0,4,6.0,86194,233.0,199.0,183.0,-14.6,-8.0,-1.8,,3.0,0.0,1,0,0.5,2.0,0.0,3.5,,
Saint-Lô,50502,Normandie,19373.0,5-10 %,3-4 %,hausse,laureat,,False,,False,False,4.0,1,5.0,50502,100.0,94.0,83.0,-6.0,-11.7,-7.2,,-1.1,0.0,2,0,1.0,0.5,0.0,3.5,,
Lorient,56121,Bretagne,57846.0,10-15 %,< 3 %,hausse,,2022.0,True,,False,False,4.0,2,6.0,56121,272.0,258.0,243.0,-5.1,-5.8,-4.9,,-0.4,0.0,1,0,1.5,1.0,0.0,3.5,,
Pontivy,56178,Bretagne,14774.0,10-15 %,5-7 %,baisse,,,True,,False,False,1.0,1,2.0,56178,69.0,62.0,59.0,-10.1,-4.8,-6.4,,8.1,2.0,1,0,0.0,0.5,0.0,3.5,,
Saint-Omer,62765,Hauts-de-France,14661.0,15-20 %,> 7 %,hausse,,,False,pilote,False,False,1.0,1,2.0,62765,108.0,93.0,90.0,-13.9,-3.2,0.6,,4.4,2.5,0,0,0.5,0.5,0.0,3.5,,
Ambérieu-en-Bugey,01004,Auvergne-Rhône-Alpes,14854.0,< 5 %,3-4 %,baisse,preparation,,False,,False,False,4.0,0,4.0,01004,20.0,21.0,20.0,5.0,-4.8,-8.8,,1.9,0.0,3,0,0.5,0.0,0.0,3.5,,
Castelsarrasin,82033,Occitanie,14178.0,< 5 %,4-5 %,,,,True,,False,False,3.0,1,4.0,82033,33.0,22.0,23.0,-33.3,4.5,-18.0,,2.7,0.0,3,0,0.0,0.5,0.0,3.5,,
Angoulème,16015,Nouvelle-Aquitaine,41086.0,> 20 %,4-5 %,baisse,,,True,,True,True,0.0,3,3.0,16015,133.0,116.0,112.0,-12.8,-3.4,-3.8,,-1.3,2.0,0,0,0.0,1.5,0.0,3.5,,
Montceau-les-Mines,71306,Bourgogne-Franche-Comté,16831.0,15-20 %,> 7 %,hausse,laureat,,True,,False,False,1.0,2,3.0,71306,76.0,65.0,65.0,-14.5,0.0,-7.8,,-8.8,2.0,0,0,0.5,1.0,0.0,3.5,,
Chinon,37072,Centre-Val de Loire,8052.0,5-10 %,5-7 %,hausse,,,False,accompagnee,False,False,3.0,1,4.0,37072,29.0,21.0,21.0,-27.6,0.0,4.9,,-0.1,0.0,2,0,0.5,0.5,0.0,3.0,,
Liévin,62510,Hauts-de-France,30149.0,5-10 %,,hausse,,,False,,True,False,3.0,1,4.0,62510,22.0,14.0,11.0,-36.4,-21.4,-3.6,,-4.7,0.0,2,0,0.5,0.5,0.0,3.0,,
Maubeuge,59392,Hauts-de-France,29066.0,10-15 %,5-7 %,hausse,,2020.0,True,accompagnee,False,False,2.0,3,5.0,59392,24.0,19.0,17.0,-20.8,-10.5,7.7,,-2.4,0.0,1,0,0.5,1.5,0.0,3.0,,
Cosne-Cours-sur-Loire,58086,Bourgogne-Franche-Comté,9437.0,10-15 %,> 7 %,hausse,preparation,,True,accompagnee,False,True,2.0,3,5.0,58086,41.0,44.0,34.0,7.3,-22.7,-6.9,,-10.8,0.0,1,0,0.5,1.5,0.0,3.0,,
Lunel,34145,Occitanie,26185.0,5-10 %,3-4 %,baisse,,,False,,False,False,3.0,0,3.0,34145,48.0,54.0,46.0,12.5,-14.8,2.5,,6.0,0.5,2,0,0.5,0.0,0.0,3.0,,
Grasse,06069,Provence-Alpes-Côte d'Azur,48323.0,15-20 %,3-4 %,hausse,sans_aap,,False,accompagnee,True,False,2.0,2,4.0,06069,51.0,52.0,51.0,2.0,-1.9,-4.1,,-3.4,1.0,0,0,1.0,1.0,0.0,3.0,18.9 % → 26.4 %,
Digne-les-Bains,04070,Provence-Alpes-Côte d'Azur,17192.0,15-20 %,5-7 %,hausse,,,True,accompagnee,False,False,1.0,2,3.0,04070,61.0,58.0,56.0,-4.9,-3.4,2.9,,3.4,1.5,0,0,0.5,1.0,0.0,3.0,,
Vernon,27681,Normandie,24543.0,10-15 %,3-4 %,hausse,,,False,,False,False,3.0,0,3.0,27681,93.0,92.0,89.0,-1.1,-3.3,-6.2,,0.4,1.0,1,0,1.0,0.0,0.0,3.0,,
Avon,77014,Île-de-France,13660.0,5-10 %,< 3 %,,,,False,,False,False,4.0,0,4.0,77014,3.0,2.0,1.0,-33.3,-50.0,60.0,,-2.8,0.0,2,0,1.0,0.0,0.0,3.0,,
Lens,62498,Hauts-de-France,32618.0,5-10 %,> 7 %,hausse,,,False,,True,False,3.0,1,4.0,62498,151.0,121.0,97.0,-19.9,-19.8,-18.4,,3.4,0.0,2,0,0.5,0.5,0.0,3.0,,
Montauban,82121,Occitanie,61919.0,10-15 %,3-4 %,hausse,,,False,accompagnee,False,False,3.0,1,4.0,82121,178.0,144.0,129.0,-19.1,-10.4,3.7,,4.8,0.5,1,0,1.0,0.5,0.0,3.0,,
Albi,81004,Occitanie,49714.0,10-15 %,3-4 %,hausse,preparation;sans_aap,,False,accompagnee,False,False,3.0,1,4.0,81004,194.0,172.0,137.0,-11.3,-20.3,-16.4,,-0.9,0.0,1,0,1.0,0.5,0.5,3.0,,"attractivité 90,1 %"
Dole,39198,Bourgogne-Franche-Comté,23775.0,5-10 %,4-5 %,baisse,,,False,,False,False,2.0,0,2.0,39198,71.0,64.0,49.0,-9.9,-23.4,-4.8,-4.7,1.3,0.0,2,1,0.0,0.0,0.0,3.0,,
Lisieux,14366,Normandie,19807.0,10-15 %,5-7 %,baisse,,,False,,False,False,1.0,0,1.0,14366,126.0,104.0,99.0,-17.5,-4.8,-5.1,,-5.4,2.0,1,0,0.0,0.0,0.0,3.0,,
Épinal,88160,Grand Est,32285.0,10-15 %,5-7 %,baisse,infructueux,,False,,False,False,1.0,0,1.0,88160,144.0,119.0,113.0,-17.4,-5.0,-11.8,,-0.5,2.0,1,0,0.0,0.0,0.0,3.0,,
Villeneuve-sur-Lot,47323,Nouvelle-Aquitaine,21629.0,> 20 %,5-7 %,hausse,,,False,accompagnee,False,False,1.0,1,2.0,47323,92.0,61.0,58.0,-33.7,-4.9,-15.3,,-6.8,2.0,0,0,0.5,0.5,0.0,3.0,,
Guéret,23096,Nouvelle-Aquitaine,12840.0,15-20 %,> 7 %,baisse,infructueux,,True,accompagnee,False,False,0.0,2,2.0,23096,50.0,39.0,36.0,-22.0,-7.7,-7.0,,-4.8,0.0,0,2,0.0,1.0,0.0,3.0,27.7 % → 23.8 %,
Argentan,61006,Normandie,13291.0,15-20 %,4-5 %,hausse,,,False,accompagnee,False,False,1.0,1,2.0,61006,38.0,34.0,33.0,-10.5,-2.9,-1.7,,-4.1,2.0,0,0,0.5,0.5,0.0,3.0,,
Niort,79191,Nouvelle-Aquitaine,59309.0,10-15 %,3-4 %,baisse,,,True,accompagnee,True,False,2.0,3,5.0,79191,168.0,156.0,136.0,-7.1,-12.8,-9.3,,1.1,0.0,1,0,0.5,1.5,0.0,3.0,,
Besançon,25056,Bourgogne-Franche-Comté,119198.0,5-10 %,3-4 %,hausse,,,False,,False,False,4.0,0,4.0,25056,314.0,299.0,269.0,-4.8,-10.0,-9.9,,1.3,0.0,2,0,1.0,0.0,0.0,3.0,,
Vienne,38544,Auvergne-Rhône-Alpes,31051.0,5-10 %,4-5 %,hausse,,,True,,False,False,3.0,1,4.0,38544,132.0,132.0,114.0,0.0,-13.6,-5.1,,3.3,0.0,2,0,0.5,0.5,0.0,3.0,,
Dunkerque,59183,Hauts-de-France,86788.0,10-15 %,3-4 %,hausse,laureat,,False,,True,False,3.0,2,5.0,59183,220.0,221.0,201.0,0.5,-9.0,-0.6,,-2.9,0.0,1,0,1.0,1.0,0.0,3.0,,
La Roche-sur-Yon,85191,Pays de la Loire,54952.0,10-15 %,< 3 %,hausse,,,False,,True,False,4.0,1,5.0,85191,127.0,112.0,97.0,-11.8,-13.4,-8.7,,3.9,0.0,1,0,1.5,0.5,0.0,3.0,,
Lannion,22113,Bretagne,20344.0,10-15 %,< 3 %,hausse,sans_aap,,True,,False,False,4.0,1,5.0,22113,101.0,75.0,69.0,-25.7,-8.0,-9.2,,2.9,0.0,1,0,1.5,0.5,0.0,3.0,,
Arras,62041,Hauts-de-France,42600.0,10-15 %,4-5 %,hausse,,,True,,True,False,2.0,2,4.0,62041,113.0,106.0,92.0,-6.2,-13.2,-3.4,,3.3,0.0,1,0,0.5,1.0,0.0,2.5,,
Brétigny-sur-Orge,91103,Île-de-France,27106.0,10-15 %,< 3 %,,,,False,accompagnee,False,False,3.0,1,4.0,91103,15.0,14.0,16.0,-6.7,14.3,11.5,,4.9,0.0,1,0,1.0,0.5,0.0,2.5,,
Montbéliard,25388,Bourgogne-Franche-Comté,25573.0,5-10 %,5-7 %,baisse,,,False,,True,False,2.0,1,3.0,25388,124.0,108.0,95.0,-12.9,-12.0,-9.6,,0.8,0.0,2,0,0.0,0.5,0.0,2.5,,
Châteaubriant,44036,Pays de la Loire,12189.0,10-15 %,4-5 %,baisse,laureat,,False,accompagnee,False,False,1.0,2,3.0,44036,50.0,35.0,28.0,-30.0,-20.0,0.0,,1.0,0.5,1,0,0.0,1.0,0.0,2.5,,
Laon,02408,Hauts-de-France,24021.0,5-10 %,5-7 %,baisse,,,True,,False,False,2.0,1,3.0,02408,19.0,14.0,14.0,-26.3,0.0,-16.2,,-4.7,0.0,2,0,0.0,0.5,0.0,2.5,,
Colmar,68066,Grand Est,67730.0,10-15 %,4-5 %,baisse,,,False,,False,False,1.0,0,1.0,68066,343.0,368.0,350.0,7.3,-4.9,-2.0,,-0.7,1.0,1,0,0.0,0.0,0.5,2.5,,"attractivité 87,6 %"
Pithiviers,45252,Centre-Val de Loire,9094.0,15-20 %,> 7 %,baisse,,,False,accompagnee,False,False,0.0,1,1.0,45252,45.0,37.0,35.0,-17.8,-5.4,-3.5,,0.1,0.0,0,2,0.0,0.5,0.0,2.5,23.1 % → 17.4 %,
Valenciennes,59606,Hauts-de-France,42991.0,,5-7 %,baisse,,,False,,False,False,0.0,0,0.0,59606,283.0,236.0,227.0,-16.6,-3.8,0.5,,-2.4,2.5,0,0,0.0,0.0,0.0,2.5,,
Montereau-Fault-Yonne,77305,Île-de-France,22259.0,> 20 %,5-7 %,,,,False,,False,False,0.0,0,0.0,77305,49.0,37.0,38.0,-24.5,2.7,7.6,,19.4,2.5,0,0,0.0,0.0,0.0,2.5,,
Les Mureaux,78440,Île-de-France,33977.0,15-20 %,,,,,False,,False,False,0.0,0,0.0,78440,40.0,37.0,47.0,-7.5,27.0,7.5,,6.0,2.5,0,0,0.0,0.0,0.0,2.5,,
Melan,78401,Île-de-France,9041.0,15-20 %,,,,,False,,False,False,0.0,0,0.0,78401,32.0,30.0,33.0,-6.2,10.0,26.0,,-1.7,2.5,0,0,0.0,0.0,0.0,2.5,,
Montluçon,03185,Auvergne-Rhône-Alpes,33342.0,15-20 %,> 7 %,hausse,,,False,,False,False,1.0,0,1.0,03185,103.0,86.0,82.0,-16.5,-4.7,-12.9,,-9.3,2.0,0,0,0.5,0.0,0.0,2.5,,
Agen,47001,Nouvelle-Aquitaine,32485.0,> 20 %,5-7 %,baisse,,,False,,True,False,0.0,1,1.0,47001,150.0,132.0,126.0,-12.0,-4.5,-4.3,,-5.6,2.0,0,0,0.0,0.5,0.0,2.5,,
Bar-le-Duc,55029,Grand Est,14668.0,15-20 %,> 7 %,baisse,preparation,,False,accompagnee,False,False,0.0,1,1.0,55029,71.0,61.0,58.0,-14.1,-4.9,-3.0,,-6.9,2.0,0,0,0.0,0.5,0.0,2.5,,
Pontoise,95500,Île-de-France,31327.0,,< 3 %,,,,False,,False,False,2.0,0,2.0,95500,37.0,42.0,41.0,13.5,-2.4,10.6,,7.4,1.5,0,0,1.0,0.0,0.0,2.5,,
Vesoul,70550,Bourgogne-Franche-Comté,15130.0,10-15 %,4-5 %,baisse,en_cours,,True,,False,False,1.0,1,2.0,70550,95.0,84.0,71.0,-11.6,-15.5,-7.9,,-2.3,0.0,1,1,0.0,0.5,0.0,2.5,13.9 % → 12.9 %,
Manosque,04112,Provence-Alpes-Côte d'Azur,22926.0,10-15 %,4-5 %,hausse,infructueux,,False,,False,False,2.0,0,2.0,04112,88.0,81.0,77.0,-8.0,-4.9,-3.5,,4.9,1.0,1,0,0.5,0.0,0.0,2.5,,
Trappes,78621,Île-de-France,33717.0,,< 3 %,,,,False,,False,False,2.0,0,2.0,78621,30.0,31.0,31.0,3.3,0.0,27.3,,4.9,1.5,0,0,1.0,0.0,0.0,2.5,,
Corbeil-Essonnes,91174,Île-de-France,52683.0,> 20 %,3-4 %,,,,True,,False,False,1.0,1,2.0,91174,44.0,53.0,55.0,20.5,3.8,0.0,,6.0,1.5,0,0,0.5,0.5,0.0,2.5,,
Saverne,67437,Grand Est,11390.0,10-15 %,4-5 %,hausse,,,False,,False,False,2.0,0,2.0,67437,87.0,78.0,65.0,-10.3,-16.7,-8.8,-4.4,-1.1,0.0,1,1,0.5,0.0,0.0,2.5,,
Chartres,28085,Centre-Val de Loire,38447.0,10-15 %,3-4 %,hausse,,,True,,False,False,3.0,1,4.0,28085,180.0,180.0,152.0,0.0,-15.6,-8.0,,-0.7,0.0,1,0,1.0,0.5,0.0,2.5,,
Fécamp,76259,Normandie,18016.0,10-15 %,3-4 %,hausse,,,True,,False,False,3.0,1,4.0,76259,95.0,87.0,74.0,-8.4,-14.9,-3.4,,-6.7,0.0,1,0,1.0,0.5,0.0,2.5,,
Arpajon,91021,Île-de-France,11281.0,10-15 %,< 3 %,,,,False,accompagnee,False,False,3.0,1,4.0,91021,78.0,64.0,60.0,-17.9,-6.2,-11.7,,5.5,0.0,1,0,1.0,0.5,0.0,2.5,,
Douai,59178,Hauts-de-France,39648.0,,5-7 %,hausse,laureat,,True,,True,True,1.0,4,5.0,59178,150.0,125.0,102.0,-16.7,-18.4,-7.5,,-2.2,0.0,0,0,0.5,2.0,0.0,2.5,,
Rumilly,74225,Auvergne-Rhône-Alpes,15998.0,5-10 %,3-4 %,baisse,,,False,,False,False,3.0,0,3.0,74225,24.0,20.0,19.0,-16.7,-5.0,-8.3,,7.5,0.0,2,0,0.5,0.0,0.0,2.5,,
Persan,95487,Île-de-France,13996.0,5-10 %,3-4 %,,,,False,,False,False,3.0,0,3.0,95487,9.0,10.0,12.0,11.1,20.0,12.5,,12.7,0.0,2,0,0.5,0.0,0.0,2.5,,
Briançon,05023,Provence-Alpes-Côte d'Azur,10561.0,10-15 %,4-5 %,hausse,laureat,,False,,False,False,2.0,1,3.0,05023,21.0,21.0,14.0,0.0,-33.3,-31.9,,-13.0,0.0,1,0,0.5,0.5,0.5,2.5,,"+12,3 % de visiteurs extérieurs"
Arles,13004,Provence-Alpes-Côte d'Azur,50415.0,10-15 %,4-5 %,hausse,laureat,,False,,False,False,2.0,1,3.0,13004,151.0,136.0,129.0,-9.9,-5.1,3.9,,-3.3,0.5,1,0,0.5,0.5,0.0,2.5,,
Fontenay-le-Comte,85092,Pays de la Loire,13471.0,5-10 %,4-5 %,hausse,,,False,,False,False,3.0,0,3.0,85092,59.0,45.0,38.0,-23.7,-15.6,-14.3,,-3.5,0.0,2,0,0.5,0.0,0.0,2.5,,
Mont-de-Marsan,40192,Nouvelle-Aquitaine,30674.0,15-20 %,< 3 %,baisse,laureat,,False,,True,False,2.0,2,4.0,40192,135.0,98.0,67.0,-27.4,-31.6,-12.8,-5.2,-3.4,0.0,0,0,1.0,1.0,0.5,2.5,,"attractivité 88,3 %"
Issoire,63178,Auvergne-Rhône-Alpes,15014.0,5-10 %,5-7 %,hausse,,,False,,False,False,3.0,0,3.0,63178,66.0,65.0,58.0,-1.5,-10.8,-5.0,,4.9,0.0,2,0,0.5,0.0,0.0,2.5,,
Soissons,02722,Hauts-de-France,28705.0,10-15 %,5-7 %,hausse,,,True,accompagnee,False,False,2.0,2,4.0,02722,75.0,70.0,63.0,-6.7,-10.0,-8.8,,2.1,0.0,1,0,0.5,1.0,0.0,2.5,,
Brive-la-Gaillarde,19031,Nouvelle-Aquitaine,46599.0,10-15 %,4-5 %,hausse,laureat,,False,,True,False,2.0,2,4.0,19031,192.0,184.0,135.0,-4.2,-26.6,-8.2,,-2.2,0.0,1,0,0.5,1.0,0.0,2.5,,
Sin-le-Noble,59569,Hauts-de-France,15603.0,10-15 %,5-7 %,hausse,laureat,,True,,False,False,2.0,2,4.0,59569,15.0,13.0,15.0,-13.3,15.4,23.1,,-1.4,0.0,1,0,0.5,1.0,0.0,2.5,,
Meaux,77284,Île-de-France,55616.0,15-20 %,3-4 %,,,,False,,False,False,1.0,0,1.0,77284,124.0,121.0,123.0,-2.4,1.7,1.9,,4.1,1.5,0,0,0.5,0.0,0.0,2.0,,
Belfort,90010,Bourgogne-Franche-Comté,45155.0,15-20 %,5-7 %,hausse,,,False,,True,False,1.0,1,2.0,90010,51.0,50.0,48.0,-2.0,-4.0,-1.2,,-8.7,1.0,0,0,0.5,0.5,0.0,2.0,,
Béthune,62119,Hauts-de-France,24992.0,10-15 %,4-5 %,baisse,,,False,,False,False,1.0,0,1.0,62119,119.0,112.0,107.0,-5.9,-4.5,-2.2,,-1.7,1.0,1,0,0.0,0.0,0.0,2.0,,
Haguenau,67180,Grand Est,35715.0,10-15 %,3-4 %,baisse,,,False,,False,False,2.0,0,2.0,67180,122.0,129.0,119.0,5.7,-7.8,6.5,,2.0,0.5,1,0,0.5,0.0,0.0,2.0,,
Bagnols-sur-Cèze,30028,Occitanie,18248.0,> 20 %,5-7 %,baisse,,,False,,False,False,0.0,0,0.0,30028,82.0,66.0,64.0,-19.5,-3.0,-4.4,-7.0,-0.6,2.0,0,0,0.0,0.0,0.0,2.0,,
Tarare,69243,Auvergne-Rhône-Alpes,10428.0,10-15 %,5-7 %,baisse,laureat,2022.0,False,,False,False,1.0,2,3.0,69243,53.0,54.0,51.0,1.9,-5.6,-7.3,,-2.2,0.0,1,0,0.0,1.0,0.0,2.0,,
Périgueux,24322,Nouvelle-Aquitaine,29516.0,10-15 %,5-7 %,baisse,,,False,accompagnee,True,False,1.0,2,3.0,24322,178.0,159.0,136.0,-10.7,-14.5,-14.2,,-2.7,0.0,1,0,0.0,1.0,0.0,2.0,,
Sarrebourg,57630,Grand Est,12359.0,10-15 %,5-7 %,baisse,,,True,accompagnee,False,False,1.0,2,3.0,57630,75.0,64.0,55.0,-14.7,-14.1,-8.3,,-0.7,0.0,1,0,0.0,1.0,0.0,2.0,,
Château-Thierry,02168,Hauts-de-France,15204.0,10-15 %,5-7 %,baisse,laureat,,False,accompagnee,False,False,1.0,2,3.0,02168,52.0,49.0,36.0,-5.8,-26.5,-12.2,,5.2,0.0,1,0,0.0,1.0,0.0,2.0,,
Saint-Dizier,52448,Grand Est,23068.0,10-15 %,5-7 %,hausse,,,False,pilote,False,False,2.0,1,3.0,52448,89.0,80.0,67.0,-10.1,-16.2,-21.0,,-9.5,0.0,0,1,0.5,0.5,0.0,2.0,19.7 % → 16.8 %,
Dreux,28134,Centre-Val de Loire,30879.0,10-15 %,> 7 %,hausse,,2020.0,False,,False,False,2.0,1,3.0,28134,77.0,72.0,64.0,-6.5,-11.1,-1.5,,-1.4,0.0,1,0,0.5,0.5,0.0,2.0,,
Thionville,57672,Grand Est,42163.0,10-15 %,3-4 %,baisse,,,True,,False,False,2.0,1,3.0,57672,186.0,136.0,112.0,-26.9,-17.6,-8.7,,0.7,0.0,1,0,0.5,0.5,0.0,2.0,,
Troyes,10387,Grand Est,62782.0,10-15 %,> 7 %,baisse,,,True,accompagnee,False,False,1.0,2,3.0,10387,221.0,214.0,202.0,-3.2,-5.6,-6.9,,3.0,0.0,1,0,0.0,1.0,0.0,2.0,,
Romans-sur-Isère,26281,Auvergne-Rhône-Alpes,32911.0,10-15 %,,hausse,,,False,,True,False,2.0,1,3.0,26281,188.0,179.0,157.0,-4.8,-12.3,-2.9,,-1.6,0.0,1,0,0.5,0.5,0.0,2.0,,
Vichy,03310,Auvergne-Rhône-Alpes,25789.0,10-15 %,> 7 %,baisse,,,True,pilote,False,False,1.0,2,3.0,03310,126.0,129.0,120.0,2.4,-7.0,-2.6,,0.4,0.0,1,0,0.0,1.0,0.0,2.0,,
Nevers,58194,Bourgogne-Franche-Comté,32830.0,> 20 %,> 7 %,baisse,,,True,accompagnee,True,False,0.0,3,3.0,58194,112.0,90.0,81.0,-19.6,-10.0,-11.7,,-6.4,0.0,0,0,0.0,1.5,0.5,2.0,,"attractivité 89,1 %"
Dieppe,76217,Normandie,28358.0,10-15 %,5-7 %,hausse,,,False,accompagnee,False,False,2.0,1,3.0,76217,150.0,139.0,126.0,-7.3,-9.4,-6.8,,-6.6,0.0,1,0,0.5,0.5,0.0,2.0,,
Gap,05061,Provence-Alpes-Côte d'Azur,40500.0,10-15 %,3-4 %,hausse,,,False,,False,False,3.0,0,3.0,05061,183.0,149.0,139.0,-18.6,-6.7,-3.6,,-0.3,0.0,1,0,1.0,0.0,0.0,2.0,12.4 % → 11.6 %,
Rodez,12202,Occitanie,24207.0,10-15 %,3-4 %,hausse,,,False,,False,False,3.0,0,3.0,12202,169.0,152.0,128.0,-10.1,-15.8,-10.8,,1.3,0.0,1,0,1.0,0.0,0.0,2.0,,
Cherbourg-en-Cotentin,50129,Normandie,77808.0,10-15 %,< 3 %,,infructueux,,False,,False,False,3.0,0,3.0,50129,212.0,178.0,165.0,-16.0,-7.3,-6.3,,-3.9,0.0,1,0,1.0,0.0,0.0,2.0,,
Autun,71014,Bourgogne-Franche-Comté,13145.0,15-20 %,> 7 %,hausse,laureat,2022.0,False,,True,False,1.0,3,4.0,71014,84.0,68.0,51.0,-19.0,-25.0,-22.0,,-5.4,0.0,0,0,0.5,1.5,0.0,2.0,,
Saint-Brieuc,22278,Bretagne,44224.0,> 20 %,3-4 %,hausse,,,True,,True,False,2.0,2,4.0,22278,198.0,132.0,115.0,-33.3,-12.9,-12.6,,-2.3,0.0,0,0,1.0,1.0,0.0,2.0,,
Bourg-en-Bresse,01053,Auvergne-Rhône-Alpes,41525.0,15-20 %,4-5 %,hausse,laureat,,True,,True,False,1.0,3,4.0,01053,168.0,149.0,141.0,-11.3,-5.4,-9.9,,1.7,0.0,0,0,0.5,1.5,0.0,2.0,,
Blois,41018,Centre-Val de Loire,46813.0,10-15 %,3-4 %,hausse,,,False,,False,False,3.0,0,3.0,41018,150.0,125.0,107.0,-16.7,-14.4,-3.0,,0.7,0.0,1,0,1.0,0.0,0.0,2.0,,
Bourg-de-Péage,26057,Auvergne-Rhône-Alpes,9578.0,10-15 %,3-4 %,hausse,,,False,,False,False,3.0,0,3.0,26057,15.0,6.0,6.0,-60.0,0.0,4.8,,-3.5,0.0,1,0,1.0,0.0,0.0,2.0,,
Annemasse,74012,Auvergne-Rhône-Alpes,37918.0,10-15 %,3-4 %,,,,True,,False,False,2.0,1,3.0,74012,154.0,158.0,148.0,2.6,-6.3,-7.0,,7.2,0.0,1,0,0.5,0.5,0.0,2.0,,
Avignon,84007,Provence-Alpes-Côte d'Azur,90330.0,10-15 %,5-7 %,hausse,,,False,accompagnee,False,False,2.0,1,3.0,84007,328.0,318.0,278.0,-3.0,-12.6,-6.0,,-1.7,0.0,1,0,0.5,0.5,0.0,2.0,,
Libourne,33243,Nouvelle-Aquitaine,24557.0,10-15 %,4-5 %,baisse,laureat,,False,accompagnee,False,False,1.0,2,3.0,33243,110.0,93.0,82.0,-15.5,-11.8,-9.8,,-0.7,0.0,1,0,0.0,1.0,0.0,2.0,,
Tarascon,13108,Provence-Alpes-Côte d'Azur,15423.0,10-15 %,5-7 %,hausse,,,True,,False,False,2.0,1,3.0,13108,33.0,26.0,24.0,-21.2,-7.7,-12.9,,6.3,0.0,1,0,0.5,0.5,0.0,2.0,,
Fougères,35115,Bretagne,20653.0,10-15 %,4-5 %,baisse,,,True,,False,False,1.0,1,2.0,35115,76.0,60.0,53.0,-21.1,-11.7,7.8,,1.6,0.5,1,0,0.0,0.5,0.0,2.0,,
Beaumont-sur-Oise,95052,Île-de-France,9590.0,5-10 %,,,,,False,,False,False,2.0,0,2.0,95052,14.0,16.0,18.0,14.3,12.5,16.7,,-0.9,0.0,2,0,0.0,0.0,0.0,2.0,,
Saumur,49328,Pays de la Loire,26215.0,5-10 %,4-5 %,baisse,,,False,,False,False,2.0,0,2.0,49328,100.0,100.0,81.0,0.0,-19.0,-10.8,,-4.2,0.0,2,0,0.0,0.0,0.0,2.0,,
Nemours,77333,Île-de-France,13189.0,> 20 %,5-7 %,,infructueux,,False,,False,False,0.0,0,0.0,77333,46.0,43.0,42.0,-6.5,-2.3,-1.4,,-0.7,1.0,0,1,0.0,0.0,0.0,2.0,18.1 % → 15.6 %,
Sens,89387,Bourgogne-Franche-Comté,27034.0,15-20 %,5-7 %,baisse,laureat,,True,accompagnee,False,False,0.0,3,3.0,89387,109.0,80.0,63.0,-26.6,-21.3,-16.2,,5.3,0.0,0,0,0.0,1.5,0.0,1.5,,
Saint-Nazaire,44184,Pays de la Loire,72057.0,15-20 %,< 3 %,baisse,,,False,,True,False,2.0,1,3.0,44184,159.0,133.0,124.0,-16.4,-6.8,-5.3,,3.7,0.0,0,0,1.0,0.5,0.0,1.5,,
Évry,91228,Île-de-France,66177.0,> 20 %,< 3 %,,,,True,,False,False,2.0,1,3.0,91228,24.0,29.0,32.0,20.8,10.3,-2.8,,-1.3,0.0,0,0,1.0,0.5,0.0,1.5,,
Beauvais,60057,Hauts-de-France,56677.0,15-20 %,3-4 %,hausse,,,False,accompagnee,False,False,2.0,1,3.0,60057,149.0,167.0,139.0,12.1,-16.8,-1.5,,3.9,0.0,0,0,1.0,0.5,0.0,1.5,,
Châtellerault,86066,Nouvelle-Aquitaine,31284.0,> 20 %,5-7 %,hausse,infructueux,,True,pilote,False,False,1.0,2,3.0,86066,99.0,75.0,60.0,-24.2,-20.0,-7.4,,-0.5,0.0,0,0,0.5,1.0,0.0,1.5,,
Montélimar,26198,Auvergne-Rhône-Alpes,40399.0,15-20 %,5-7 %,baisse,infructueux,,False,accompagnee,True,False,0.0,2,2.0,26198,130.0,114.0,105.0,-12.3,-7.9,1.3,-4.7,7.0,0.5,0,0,0.0,1.0,0.0,1.5,,
Lons-le-Saunier,39300,Bourgogne-Franche-Comté,17043.0,10-15 %,> 7 %,baisse,,,False,accompagnee,False,False,1.0,1,2.0,39300,31.0,28.0,25.0,-9.7,-10.7,0.0,,-1.3,0.0,1,0,0.0,0.5,0.0,1.5,,
Châlons-en-Champagne,51108,Grand Est,43877.0,10-15 %,5-7 %,baisse,,,False,,True,False,1.0,1,2.0,51108,109.0,95.0,84.0,-12.8,-11.6,-7.0,,-1.5,0.0,1,0,0.0,0.5,0.0,1.5,,
Toul,54528,Grand Est,15849.0,10-15 %,5-7 %,baisse,sans_aap,,True,,False,False,1.0,1,2.0,54528,38.0,30.0,25.0,-21.1,-16.7,-9.8,,-0.7,0.0,1,0,0.0,0.5,0.0,1.5,,
Riom,63300,Auvergne-Rhône-Alpes,18736.0,10-15 %,4-5 %,baisse,laureat,,False,,False,False,1.0,1,2.0,63300,72.0,54.0,49.0,-25.0,-9.3,-8.3,,-0.1,0.0,1,0,0.0,0.5,0.0,1.5,,
Quimper,29232,Bretagne,63642.0,10-15 %,3-4 %,baisse,,,False,,False,False,2.0,0,2.0,29232,268.0,213.0,194.0,-20.5,-8.9,-8.7,,-0.1,0.0,1,0,0.5,0.0,0.0,1.5,,
Bergerac,24037,Nouvelle-Aquitaine,26323.0,10-15 %,4-5 %,hausse,preparation,,False,,False,False,2.0,0,2.0,24037,117.0,108.0,95.0,-7.7,-12.0,-10.5,,-5.1,0.0,1,0,0.5,0.0,0.0,1.5,,
Saint-Michel-sur-Orge,91570,Île-de-France,21437.0,,< 3 %,,,,False,,False,False,2.0,0,2.0,91570,3.0,6.0,4.0,100.0,-33.3,0.0,,7.0,0.0,0,0,1.0,0.0,0.5,1.5,,"+13,9 % de visiteurs extérieurs"
Abbeville,80001,Hauts-de-France,22595.0,10-15 %,5-7 %,hausse,preparation,,False,,False,False,2.0,0,2.0,80001,116.0,107.0,90.0,-7.8,-15.9,-15.1,,-2.8,0.0,1,0,0.5,0.0,0.0,1.5,,
Charleville-Mézières,08105,Grand Est,46398.0,10-15 %,5-7 %,hausse,,,False,,False,False,2.0,0,2.0,08105,17.0,17.0,14.0,0.0,-17.6,12.9,,-4.6,0.0,1,0,0.5,0.0,0.0,1.5,,
Sarreguemines,57631,Grand Est,20624.0,15-20 %,5-7 %,hausse,,,True,,False,False,1.0,1,2.0,57631,126.0,109.0,97.0,-13.5,-11.0,1.2,,-4.2,0.5,0,0,0.5,0.5,0.0,1.5,,
Nogent-le-Rotrou,28280,Centre-Val de Loire,9341.0,10-15 %,5-7 %,baisse,laureat,,False,,False,False,1.0,1,2.0,28280,52.0,41.0,38.0,-21.2,-7.3,-2.9,,-6.9,0.0,1,0,0.0,0.5,0.0,1.5,,
Issoudun,36088,Centre-Val de Loire,10992.0,10-15 %,> 7 %,hausse,,,False,,False,False,2.0,0,2.0,36088,27.0,20.0,17.0,-25.9,-15.0,-5.4,,-7.8,0.0,1,0,0.5,0.0,0.0,1.5,,
Cavaillon,84035,Provence-Alpes-Côte d'Azur,25923.0,15-20 %,4-5 %,baisse,,,False,,True,False,0.0,1,1.0,84035,101.0,93.0,79.0,-7.9,-15.1,-12.5,,-1.4,0.0,0,1,0.0,0.5,0.0,1.5,19.4 % → 16.8 %,
Thiers,63430,Auvergne-Rhône-Alpes,11633.0,10-15 %,> 7 %,baisse,,,True,,False,False,1.0,1,2.0,63430,18.0,12.0,8.0,-33.3,-33.3,-30.2,,-1.0,0.0,1,0,0.0,0.5,0.0,1.5,,
Saintes,17415,Nouvelle-Aquitaine,25518.0,10-15 %,3-4 %,baisse,,,False,,False,False,2.0,0,2.0,17415,96.0,89.0,70.0,-7.3,-21.3,-9.5,,1.0,0.0,1,0,0.5,0.0,0.0,1.5,,
Longwy,54323,Grand Est,15191.0,10-15 %,5-7 %,baisse,infructueux,,True,,False,False,1.0,1,2.0,54323,20.0,12.0,8.0,-40.0,-33.3,-6.2,,5.8,0.0,1,0,0.0,0.5,0.0,1.5,,
Boulogne-sur-Mer,62160,Hauts-de-France,40910.0,> 20 %,5-7 %,hausse,,,False,accompagnee,False,False,1.0,1,2.0,62160,54.0,42.0,38.0,-22.2,-9.5,-6.2,,-4.4,0.0,0,0,0.5,0.5,0.5,1.5,,"attractivité 90,7 %"
Carpentras,84031,Provence-Alpes-Côte d'Azur,30769.0,15-20 %,5-7 %,baisse,,,True,,True,False,0.0,2,2.0,84031,107.0,87.0,79.0,-18.7,-9.2,-7.6,,5.0,0.0,0,0,0.0,1.0,0.0,1.0,,
Vierzon,18279,Centre-Val de Loire,25348.0,> 20 %,> 7 %,hausse,,,False,,True,False,1.0,1,2.0,18279,57.0,33.0,30.0,-42.1,-9.1,-13.6,-6.7,-7.4,0.0,0,0,0.5,0.5,0.0,1.0,,
Évreux,27229,Normandie,47289.0,15-20 %,5-7 %,hausse,,,True,,False,False,1.0,1,2.0,27229,146.0,149.0,126.0,2.1,-15.4,-12.8,,-5.2,0.0,0,0,0.5,0.5,0.0,1.0,,
Gien,45155,Centre-Val de Loire,13387.0,> 20 %,5-7 %,hausse,,,True,,False,False,1.0,1,2.0,45155,3.0,2.0,2.0,-33.3,0.0,50.0,,-9.0,0.0,0,0,0.5,0.5,0.0,1.0,,
Arpajon-sur-Cère,15012,Auvergne-Rhône-Alpes,6315.0,15-20 %,< 3 %,,preparation,,False,,False,False,2.0,0,2.0,15012,6.0,8.0,7.0,33.3,-12.5,7.7,,1.3,0.0,0,0,1.0,0.0,0.0,1.0,,
Carcassonne,11069,Occitanie,46218.0,15-20 %,5-7 %,hausse,,,False,accompagnee,False,False,1.0,1,2.0,11069,161.0,125.0,99.0,-22.4,-20.8,-11.4,,1.6,0.0,0,0,0.5,0.5,0.0,1.0,,
Montargis,45208,Centre-Val de Loire,15061.0,> 20 %,> 7 %,hausse,,,False,accompagnee,False,False,1.0,1,2.0,45208,118.0,106.0,97.0,-10.2,-8.5,-13.9,,5.3,0.0,0,0,0.5,0.5,0.0,1.0,,
Gonesse,95277,Île-de-France,25963.0,> 20 %,< 3 %,,,,False,,False,False,2.0,0,2.0,95277,11.0,11.0,9.0,0.0,-18.2,-8.3,,-0.6,0.0,0,0,1.0,0.0,0.0,1.0,,
Bastia,2B033,Corse,48768.0,,,,,,False,,False,False,0.0,0,0.0,2B033,165.0,167.0,159.0,1.2,-4.8,-5.5,,11.5,1.0,0,0,0.0,0.0,0.0,1.0,,
Guebwiller,68112,Grand Est,11137.0,10-15 %,5-7 %,baisse,,,False,,False,False,1.0,0,1.0,68112,62.0,61.0,55.0,-1.6,-9.8,-15.5,,-2.7,0.0,1,0,0.0,0.0,0.0,1.0,,
Tonneins,47310,Nouvelle-Aquitaine,9337.0,10-15 %,5-7 %,baisse,sans_aap,,False,,False,False,1.0,0,1.0,47310,25.0,18.0,19.0,-28.0,5.6,-8.6,,2.7,0.0,1,0,0.0,0.0,0.0,1.0,,
Limoges,87085,Nouvelle-Aquitaine,129760.0,15-20 %,4-5 %,baisse,preparation,,False,pilote,False,False,0.0,1,1.0,87085,305.0,263.0,245.0,-13.8,-6.8,-3.8,,-3.0,0.0,0,0,0.0,0.5,0.5,1.0,,"2,9 M visites/mois ; attractivité 89,7 %"
Bourges,18033,Centre-Val de Loire,63702.0,> 20 %,5-7 %,baisse,infructueux,,False,pilote,True,False,0.0,2,2.0,18033,182.0,144.0,134.0,-20.9,-6.9,-10.5,,-3.3,0.0,0,0,0.0,1.0,0.0,1.0,,
Mantes-la-Jolie,78361,Île-de-France,44539.0,> 20 %,4-5 %,,,,True,,True,False,0.0,2,2.0,78361,130.0,124.0,114.0,-4.6,-8.1,-5.0,,-2.3,0.0,0,0,0.0,1.0,0.0,1.0,,
Narbonne,11262,Occitanie,56395.0,10-15 %,4-5 %,baisse,,,False,,False,False,1.0,0,1.0,11262,213.0,186.0,166.0,-12.7,-10.8,-11.1,,6.2,0.0,1,0,0.0,0.0,0.0,1.0,,
Étampes,91223,Île-de-France,26529.0,10-15 %,4-5 %,,,,False,,False,False,1.0,0,1.0,91223,50.0,54.0,50.0,8.0,-7.4,-8.9,,7.1,0.0,1,0,0.0,0.0,0.0,1.0,,
Tulle,19272,Nouvelle-Aquitaine,13992.0,> 20 %,> 7 %,baisse,laureat,,True,,False,False,0.0,2,2.0,19272,37.0,35.0,27.0,-5.4,-22.9,-30.0,,-0.1,0.0,0,0,0.0,1.0,0.0,1.0,,
Marmande,47157,Nouvelle-Aquitaine,17239.0,15-20 %,5-7 %,,laureat,,False,accompagnee,False,False,0.0,2,2.0,47157,99.0,73.0,44.0,-26.3,-39.7,-24.2,-4.8,-2.7,0.0,0,0,0.0,1.0,0.0,1.0,,
Le Creusot,71153,Bourgogne-Franche-Comté,20731.0,> 20 %,> 7 %,hausse,infructueux,,True,,False,False,1.0,1,2.0,71153,22.0,15.0,15.0,-31.8,0.0,-10.7,-5.5,-4.2,0.0,0,0,0.5,0.5,0.0,1.0,,
Moulins,03190,Auvergne-Rhône-Alpes,19343.0,15-20 %,> 7 %,hausse,,,True,,False,False,1.0,1,2.0,03190,131.0,105.0,87.0,-19.8,-17.1,-8.7,,-1.6,0.0,0,0,0.5,0.5,0.0,1.0,16.3 % → 18.8 %,
Sedan,08409,Grand Est,16608.0,15-20 %,> 7 %,hausse,sans_aap,,True,,False,False,1.0,1,2.0,08409,56.0,40.0,36.0,-28.6,-10.0,-9.5,,-8.1,0.0,0,0,0.5,0.5,0.0,1.0,,
Saint-Dié-des-Vosges,88413,Grand Est,19319.0,10-15 %,5-7 %,baisse,,,False,,False,False,1.0,0,1.0,88413,72.0,79.0,75.0,9.7,-5.1,-7.8,,-4.1,0.0,1,0,0.0,0.0,0.0,1.0,,
Châteaudun,28088,Centre-Val de Loire,12909.0,10-15 %,5-7 %,,,,False,,False,False,1.0,0,1.0,28088,48.0,39.0,36.0,-18.8,-7.7,-4.9,,-2.4,0.0,1,0,0.0,0.0,0.0,1.0,,
Cambrai,59122,Hauts-de-France,31425.0,10-15 %,5-7 %,baisse,,,False,,False,False,1.0,0,1.0,59122,159.0,151.0,134.0,-5.0,-11.3,-8.6,,-4.1,0.0,1,0,0.0,0.0,0.0,1.0,,
Châteauroux,36044,Centre-Val de Loire,42968.0,15-20 %,4-5 %,baisse,laureat,,False,,False,False,0.0,1,1.0,36044,135.0,120.0,107.0,-11.1,-10.8,-3.3,,-2.6,0.0,0,0,0.0,0.5,0.5,1.0,,attractivité 90 %
Cognac,16102,Nouvelle-Aquitaine,18448.0,10-15 %,5-7 %,baisse,,,False,,False,False,1.0,0,1.0,16102,78.0,60.0,46.0,-23.1,-23.3,-22.1,,-0.6,0.0,1,0,0.0,0.0,0.0,1.0,,
Flers,61169,Normandie,14482.0,10-15 %,> 7 %,baisse,,,False,,False,False,1.0,0,1.0,61169,12.0,15.0,8.0,25.0,-46.7,-16.7,,-1.0,0.0,1,0,0.0,0.0,0.0,1.0,,
Bruay-la-Buissière,62178,Hauts-de-France,21827.0,10-15 %,5-7 %,baisse,,,False,,False,False,1.0,0,1.0,62178,33.0,23.0,19.0,-30.3,-17.4,-6.8,,-2.8,0.0,1,0,0.0,0.0,0.0,1.0,,
Tarbes,65440,Occitanie,43955.0,15-20 %,> 7 %,hausse,,,False,,False,False,1.0,0,1.0,65440,210.0,179.0,151.0,-14.8,-15.6,-12.2,,5.0,0.0,0,0,0.5,0.0,0.0,0.5,,
Melun,77288,Île-de-France,42367.0,> 20 %,3-4 %,,,,False,,False,False,1.0,0,1.0,77288,128.0,114.0,99.0,-10.9,-13.2,-4.1,,4.0,0.0,0,0,0.5,0.0,0.0,0.5,,
Aubenas,07019,Auvergne-Rhône-Alpes,12360.0,15-20 %,> 7 %,hausse,,,False,,False,False,1.0,0,1.0,07019,84.0,79.0,66.0,-6.0,-16.5,-7.5,,4.1,0.0,0,0,0.5,0.0,0.0,0.5,,
Auch,32013,Occitanie,23041.0,15-20 %,4-5 %,hausse,preparation,,False,,False,False,1.0,0,1.0,32013,56.0,44.0,32.0,-21.4,-27.3,-1.1,,3.3,0.0,0,0,0.5,0.0,0.0,0.5,,
Perpignan,66136,Occitanie,119656.0,15-20 %,5-7 %,hausse,,,False,,False,False,1.0,0,1.0,66136,328.0,283.0,259.0,-13.7,-8.5,-5.6,,-2.1,0.0,0,0,0.5,0.0,0.0,0.5,,
Saint-Avold,57606,Grand Est,15045.0,> 20 %,5-7 %,hausse,,,False,,False,False,1.0,0,1.0,57606,84.0,62.0,48.0,-26.2,-22.6,-9.3,,-4.4,0.0,0,0,0.5,0.0,0.0,0.5,,
Forbach,57227,Grand Est,21130.0,> 20 %,5-7 %,hausse,,,False,,False,False,1.0,0,1.0,57227,86.0,58.0,46.0,-32.6,-20.7,-2.1,,-1.1,0.0,0,0,0.5,0.0,0.0,0.5,,
Lourdes,65286,Occitanie,13509.0,> 20 %,> 7 %,hausse,,,False,,False,False,1.0,0,1.0,65286,67.0,58.0,50.0,-13.4,-13.8,-8.9,,-7.8,0.0,0,0,0.5,0.0,0.0,0.5,,
Dax,40088,Nouvelle-Aquitaine,21347.0,15-20 %,3-4 %,baisse,,,False,,False,False,1.0,0,1.0,40088,149.0,119.0,96.0,-20.1,-19.3,-16.0,,2.7,0.0,0,0,0.5,0.0,0.0,0.5,,
Alençon,61001,Normandie,25555.0,> 20 %,5-7 %,baisse,preparation,,True,,False,False,0.0,1,1.0,61001,88.0,72.0,60.0,-18.2,-16.7,-10.4,,-1.1,0.0,0,0,0.0,0.5,0.0,0.5,,
Alès,30007,Occitanie,43892.0,15-20 %,5-7 %,baisse,,,True,,False,False,0.0,1,1.0,30007,159.0,154.0,133.0,-3.1,-13.6,-10.3,,7.2,0.0,0,0,0.0,0.5,0.0,0.5,,
Villefranche-de-Rouergue,12300,Occitanie,11720.0,> 20 %,> 7 %,hausse,,,False,,False,False,1.0,0,1.0,12300,68.0,49.0,35.0,-27.9,-28.6,-18.3,,-1.2,0.0,0,0,0.5,0.0,0.0,0.5,,
Auxerre,89024,Bourgogne-Franche-Comté,34778.0,15-20 %,4-5 %,baisse,,,False,,True,False,0.0,1,1.0,89024,141.0,101.0,92.0,-28.4,-8.9,-13.2,,-2.0,0.0,0,0,0.0,0.5,0.0,0.5,,
Saint-Quentin,02691,Hauts-de-France,52958.0,> 20 %,5-7 %,baisse,,,True,,False,False,0.0,1,1.0,02691,165.0,147.0,136.0,-10.9,-7.5,-15.8,,-5.0,0.0,0,0,0.0,0.5,0.0,0.5,,
Oyonnax,01283,Auvergne-Rhône-Alpes,22277.0,15-20 %,> 7 %,baisse,,,True,,False,False,0.0,1,1.0,01283,63.0,61.0,49.0,-3.2,-19.7,-15.3,,-1.0,0.0,0,0,0.0,0.5,0.0,0.5,,
Pamiers,09225,Occitanie,16394.0,> 20 %,5-7 %,baisse,,,False,accompagnee,False,False,0.0,1,1.0,09225,41.0,33.0,23.0,-19.5,-30.3,-26.9,,2.7,0.0,0,0,0.0,0.5,0.0,0.5,,
Morlaix,29151,Bretagne,14903.0,15-20 %,5-7 %,baisse,laureat,,False,,False,False,0.0,1,1.0,29151,101.0,79.0,68.0,-21.8,-13.9,-7.2,,-0.9,0.0,0,0,0.0,0.5,0.0,0.5,,
Cahors,46042,Occitanie,20141.0,15-20 %,5-7 %,baisse,laureat,,False,,False,False,0.0,1,1.0,46042,122.0,105.0,86.0,-13.9,-18.1,-7.8,,2.7,0.0,0,0,0.0,0.5,0.0,0.5,,
Coulommiers,77131,Île-de-France,15250.0,15-20 %,4-5 %,,,,False,accompagnee,False,False,0.0,1,1.0,77131,82.0,76.0,64.0,-7.3,-15.8,-15.6,,0.4,0.0,0,0,0.0,0.5,0.0,0.5,,
Le Puy-en-Velay,43157,Auvergne-Rhône-Alpes,18629.0,15-20 %,> 7 %,baisse,,,False,accompagnee,False,False,0.0,1,1.0,43157,159.0,142.0,133.0,-10.7,-6.3,-8.9,,1.7,0.0,0,0,0.0,0.5,0.0,0.5,,
Millau,12145,Occitanie,21712.0,15-20 %,5-7 %,baisse,,,False,,False,False,0.0,0,0.0,12145,105.0,110.0,95.0,4.8,-13.6,-16.1,,-2.6,0.0,0,0,0.0,0.0,0.5,0.5,,"+20,2 % de visiteurs extérieurs"
Basse-Terre,97105,Guadeloupe,,,,,,,False,,False,False,0.0,0,0.0,,,,,,,,,,0.0,0,0,0.0,0.0,0.0,0.0,,
Castres,81065,Occitanie,42672.0,15-20 %,5-7 %,,,,False,,False,False,0.0,0,0.0,81065,148.0,123.0,98.0,-16.9,-20.3,-12.9,,2.4,0.0,0,0,0.0,0.0,0.0,0.0,,
Cayenne,97302,Guyane,,,,,,,False,,False,False,0.0,0,0.0,,,,,,,,,,0.0,0,0,0.0,0.0,0.0,0.0,,
Aurillac,15014,Auvergne-Rhône-Alpes,25815.0,15-20 %,,,preparation,,False,,False,False,0.0,0,0.0,15014,140.0,128.0,121.0,-8.6,-5.5,-7.4,,-1.7,0.0,0,0,0.0,0.0,0.0,0.0,,
Ajaccio,2A004,Corse,73822.0,,,,,,False,,False,False,0.0,0,0.0,2A004,262.0,264.0,250.0,0.8,-5.3,-2.4,,5.9,0.0,0,0,0.0,0.0,0.0,0.0,,
Annonay,07010,Auvergne-Rhône-Alpes,16873.0,> 20 %,> 7 %,baisse,,,False,,False,False,0.0,0,0.0,07010,72.0,50.0,45.0,-30.6,-10.0,-15.6,,0.3,0.0,0,0,0.0,0.0,0.0,0.0,,
Saint-Gaudens,31483,Occitanie,11613.0,> 20 %,> 7 %,,,,False,,False,False,0.0,0,0.0,31483,99.0,74.0,52.0,-25.3,-29.7,-20.9,,3.6,0.0,0,0,0.0,0.0,0.0,0.0,,
Fort-de-France,97209,Martinique,,,,,,,False,,False,False,0.0,0,0.0,,,,,,,,,,0.0,0,0,0.0,0.0,0.0,0.0,,
Dzaoudzi,97608,Mayotte,,,,,,,False,,False,False,0.0,0,0.0,,,,,,,,,,0.0,0,0,0.0,0.0,0.0,0.0,,
Dembeni,97607,Mayotte,,,,,,,False,,False,False,0.0,0,0.0,,,,,,,,,,0.0,0,0,0.0,0.0,0.0,0.0,,
Chaumont,52121,Grand Est,21699.0,15-20 %,4-5 %,baisse,,,False,,False,False,0.0,0,0.0,52121,88.0,89.0,74.0,1.1,-16.9,-5.6,,-4.0,0.0,0,0,0.0,0.0,0.0,0.0,,
Mamoudzou,97611,Mayotte,,,,,,,False,,False,False,0.0,0,0.0,,,,,,,,,,0.0,0,0,0.0,0.0,0.0,0.0,,
Les Abymes,97101,Guadeloupe,,,,,,,False,,False,False,0.0,0,0.0,,,,,,,,,,0.0,0,0,0.0,0.0,0.0,0.0,,
Le Port,97407,La Réunion,,,,,,,False,,False,False,0.0,0,0.0,,,,,,,,,,0.0,0,0,0.0,0.0,0.0,0.0,,
Le Lamentin,97213,Martinique,,,,,,,False,,False,False,0.0,0,0.0,,,,,,,,,,0.0,0,0,0.0,0.0,0.0,0.0,,
Pamandzi,97615,Mayotte,,,,,,,False,,False,False,0.0,0,0.0,,,,,,,,,,0.0,0,0,0.0,0.0,0.0,0.0,,
Pointe-à-Pitre,97120,Guadeloupe,,,,,,,False,,False,False,0.0,0,0.0,,,,,,,,,,0.0,0,0,0.0,0.0,0.0,0.0,,
Saint-André,97409,La Réunion,,,,,,,False,,False,False,0.0,0,0.0,,,,,,,,,,0.0,0,0,0.0,0.0,0.0,0.0,,
Sablé-sur-Sarthe,72264,Pays de la Loire,12096.0,> 20 %,5-7 %,,,,False,,False,False,0.0,0,0.0,72264,43.0,33.0,27.0,-23.3,-18.2,-14.0,,-3.1,0.0,0,0,0.0,0.0,0.0,0.0,,
Saint-Joseph,97412,La Réunion,,,,,,,False,,False,False,0.0,0,0.0,,,,,,,,,,0.0,0,0,0.0,0.0,0.0,0.0,,
Saint-Laurent-du-Maroni,97311,Guyane,,,,,,,False,,False,False,0.0,0,0.0,,,,,,,,,,0.0,0,0,0.0,0.0,0.0,0.0,,
Saint-Louis,97414,La Réunion,,,,,,,False,,False,False,0.0,0,0.0,,,,,,,,,,0.0,0,0,0.0,0.0,0.0,0.0,,
Saint-Pierre,97416,La Réunion,,,,,,,False,,False,False,0.0,0,0.0,,,,,,,,,,0.0,0,0,0.0,0.0,0.0,0.0,,
