dep,pct
57,13.9
66,12.0
54,9.5
68,8.8
74,8.7
64,8.4
67,7.8
08,7.7
01,7.0
59,7.0
06,6.4
09,5.9
55,5.6
65,5.4
11,5.3
40,4.9
25,4.8
90,4.4
31,4.2
34,4.2
05,4.2
75,3.8
82,3.5
32,3.4
92,3.1
81,3.1
33,3.0
12,2.9
30,2.8
39,2.7
13,2.7
69,2.5
73,2.5
47,2.5
38,2.4
94,2.4
84,2.4
51,2.2
02,2.2
62,2.2
93,2.2
88,2.1
78,2.1
83,2.1
91,2.0
46,2.0
04,2.0
07,1.9
70,1.9
77,1.9
48,1.9
63,1.8
95,1.8
16,1.8
17,1.8
19,1.8
42,1.7
26,1.7
52,1.7
60,1.7
24,1.7
21,1.6
10,1.6
43,1.5
71,1.5
35,1.5
56,1.5
80,1.5
44,1.5
15,1.4
03,1.4
45,1.4
76,1.4
79,1.4
87,1.4
85,1.4
89,1.3
29,1.3
37,1.3
14,1.3
50,1.3
86,1.3
58,1.2
23,1.2
49,1.2
22,1.1
28,1.1
18,1.1
41,1.1
27,1.1
61,1.0
72,1.0
53,1.0
36,0.9
